pgpid,shelfmark,type,doc_date_original,doc_date_calendar,doc_date_standard
449,AIU VII.E.145,Legal document,1570,Seleucid,1259
463,BL OR 5535.1,Letter,19 Adar 1427,Seleucid,1116-03-05
472,T-S 20.169 + T-S 10J8.9 + BL OR 5542.6,Legal document,1337,Seleucid,1025-08-28/1026-09-14
499,Bodl. MS heb. a 2/9,Legal document,"Wednesday, 15 Kislev 1500",Seleucid,1188-12-07
502,Bodl. MS heb. a 3/24,Letter,Tevet 1548,Seleucid,1236-11-30/1236-12-28
506,Bodl. MS heb. a 3/42,Legal document,Elul 1428,Seleucid,1117-08-01/1117-08-29
516,Bodl. MS heb. b 11/3,Legal document,First decade of Ḥeshvan 1442,Seleucid,1130-10-06/1130-10-15
524,Bodl. MS heb. c 13/16,Legal document,"Thursday, 12 Sivan 4795",Anno Mundi,1035-05-22
525,Bodl. MS heb. c 13/12,Legal document,Shawwāl 425,Hijrī,1034-08-29/1034-09-07
537,Bodl. MS heb. c 28/16,Letter,Ḥeshvan 1453,Seleucid,1141
544,Bodl. MS heb. c 28/41,Legal document,"Sunday, 21 Kislev 1355",Seleucid,1043-11-26
561,Bodl. MS heb. d 65/30,Legal document,10 Nisan 4716,Anno Mundi,0956-03-24
562,Bodl. MS heb. d 65/4,Letter,15 Av 1346,Seleucid,1035-07-23
565,Bodl. MS heb. d 66/119 + T-S NS J404,Legal document,"Monday, 16 Tammuz 1540",Seleucid,1229-07-09
576,Bodl. MS heb. d 66/48 + Bodl. MS heb. d 66/47,Legal document,5 Kislev 1458,Seleucid,1146-11-11
577,Bodl. MS heb. d 66/50 + Bodl. MS heb. d 66/49,Legal document,1347,Seleucid,1035-09-06/1036-09-22
582,Bodl. MS heb. d 66/70,Legal document,"Thursday, 6 Adar 4996",Anno Mundi,1236-02-14
589,Bodl. MS heb. d 68/101,Legal document,20 Shevaṭ 1564,Seleucid,1253-01-21
591,Bodl. MS heb. d 74/41,Letter,"Sunday, 29 Tammuz 4898",Anno Mundi,1138-07-10
593,Bodl. MS heb. d 75/13,Letter,1 Sivan 1423,Seleucid,1112-05-28
595,Bodl. MS heb. d 75/24,Letter,1361,Seleucid,1049/1050
603,Bodl. MS heb. e 98/65 + Bodl. MS heb. e 98/64,List or table,4805/4806,Anno Mundi,1044-08-27/1045-09-13
613,Bodl. MS heb. f 56/59 + Bodl. MS heb. f 56/60 + Bodl. MS heb. f 56/61,List or table,Tishrei–Ṭevet 1495,Seleucid,1183/1184
637,Halper 331,Legal document,17 Tishri 1183,Seleucid,0871-10-06
658,ENA 2559.5,Letter,Ḥannuka 1548,Seleucid,1237
659,ENA 2559.3,List or table,Shevaṭ 1467,Seleucid,1155-12-26/1156-01-24
660,ENA 2560.3,Letter,22 Sivan 4974,Anno Mundi,1214-06-01
695,ENA 2805.14,Letter,"Friday, [25] Nisan [4810]",Anno Mundi,1050-04-20
703,ENA 2805.19,Letter,8 Elul (4)811,Anno Mundi,1051-08-18
727,ENA 2806.8,Letter,12 Heshvan 1424,Seleucid,1112-11-03
743,ENA 3765.5,Letter,Tevet 1363,Seleucid,1051-12
750,ENA 4007.5,Legal document,"Friday, 24 Ḥeshvan 4765",Anno Mundi,1004-11-10
753,ENA 4009.15,Letter,13 Av 1300,Seleucid,989-07-18
756,ENA 4010.1,Legal document,18 Iyyar 1386,Seleucid,1075-05-07
760,ENA 4010.28,Legal document,"Thursday, 11 Av 4783",Anno Mundi,1023-08-01
764,PER H 1 + ENA 4010.36,Legal document,7 Elul 4839,Anno Mundi,1079-08-08
768,ENA 4010.53,Legal document,8 Elul (4)836,Anno Mundi,1076-08-10
770,ENA NS 28.15 + ENA 4011.29,Legal document,Tevet 1493,Seleucid,1181-12
771,ENA 4011.35,List or table,1474,Seleucid,1162-09-11/1163-08-30
772,ENA 4011.42,Legal document,"Sunday, 12 Ḥeshvan 1461",Seleucid,1149-10-16
774,ENA 4011.60,Legal document,"Sunday, 21 Rabīʿ I 442",Hijrī,1050-08-12
783,ENA 4020.45 + ENA 4020.44,Letter,Shevat (4)791,Anno Mundi,1030-12-28/1031-01-26
785,ENA 4020.50,Legal document,[12]91,Seleucid,979/980
809,ENA NS 17.22,Legal document,10 Iyyar 4791,Anno Mundi,1031-05-05
810,ENA NS 17.23,Legal document,Heshvan 4800,Anno Mundi,1039-10-22/1039-11-20
811,ENA NS 17.28,Legal document,"Friday, 26 Kislev 1401",Seleucid,1089-12-02
815,ENA NS 18.27,Legal document,1390,Seleucid,1078/1079
847,NLI 577.3/1,Legal document,4812,Anno Mundi,1051-09-09/1052-08-28
851,NLI 577.3/3,Legal document,1 Kislev 4864,Anno Mundi,1103-11-03
852,NLI 577.3/5,Legal document,3 Shevaṭ 1444,Seleucid,1133-01-11
853,NLI 577.3/14,Legal document,1443,Seleucid,1132
854,NLI 577.4/98,Legal document,"Thursday, 12 Kislev 4784",Anno Mundi,1023-11-28
859,"Moss. I,A.2",Legal document,4811,Anno Mundi,1051-03
860,"Moss. VII,30",Legal document,Last third of Marheshvan 1460,Seleucid,1148-11
874,"Moss. V,341.1 + T-S 10J15.10",Letter,Tammuz 1350,Seleucid,1039-06-26/1039-07-24
897,"Moss. V,8",Legal document,13 Tishrei 1613,Seleucid,1301-09-16
899,p. Heid. Hebr. 10,Letter,Adar 1332,Seleucid,1021-02-17/1021-03-17
900,"MS 8254, fol. 7",Letter,Tammuz 1480,Seleucid,1169-06-27/1169-07-25
903,PER H 160,Legal document,"Tuesday, 28 Av 1349",Seleucid,1038-08-01
906,PER H 22,Legal document,first third of Av 1448,Seleucid,1137-07-21/1137-07-30
907,PER H 24,Legal document,Nisan 4843,Anno Mundi,1083-03-23/1083-04-21
908,PER H 83,Legal document,"Tuesday, 23 Kislev 4780",Anno Mundi,1019-11-24
909,PER H 89,Legal document,Tishrei 1449,Seleucid,1137-09-18/1137-10-17
911,Sassoon 1055a,Legal document,27 Tammuz 1973,Seleucid,1662-07-14
916,T-S 13J1.10,Legal document,11 Iyyar 1355,Seleucid,1044-04-11
917,T-S 13J1.11,Legal document,4805,Anno Mundi,1044/1045
918,T-S 13J1.12,Legal document,Tevet 1361,Seleucid,1049-12
919,T-S 13J1.13,Legal document,Adar 1368,Seleucid,1057-02-08/1057-03-08
920,T-S 13J1.14,Legal document,6 Heshvan 1368,Seleucid,1056-10-17
921,T-S 13J1.15,Legal document,26 Tammuz 4816,Anno Mundi,1056-07-11
922,T-S 13J1.17,Legal document,"Wednesday, 13 Ṭevet 1377",Seleucid,1065-12-14
923,T-S 13J1.18,Legal document,15 Av 1389,Seleucid,1078-07
924,T-S 13J1.19,Legal document,25 Iyyar 4841,Anno Mundi,1081-05-06
925,T-S 13J1.2,Legal document,7 Iyyar 4775,Anno Mundi,1015-04-29
926,T-S 13J1.21,Legal document,"Thursday, 2 Av 1461",Seleucid,1150-07-27
927,T-S 13J1.22,Legal document,10 Shevat 1402,Seleucid,1091-01-02
928,T-S 13J1.23,Legal document,Av 1404,Seleucid,1093-07
929,T-S 13J1.3,Legal document,"Friday, 9 Tishrei 1328",Seleucid,1016-09-14
930,T-S 13J1.6,Legal document,4 Tammuz 1335,Seleucid,1024-06-14
931,T-S 13J1.8,Legal document,13 Elul 1345,Seleucid,1034-08-30
932,T-S 13J1.9,Legal document,Nisan 1352,Seleucid,1041-04
933,T-S 13J1.16,Legal document,1 Adar 1377,Seleucid,1066-01-30
946,T-S 13J13.3,Letter,Elul 1427,Seleucid,1116-08-11/1116-09-08
958,T-S 13J14.24,Legal document,7 Tevet 1344,Seleucid,1032-12-12
980,T-S 13J17.11,Letter,6 Shawwal 421,Hijrī,1030-10-07
985,T-S 13J17.4 + T-S 10J10.9,Letter,4795,Anno Mundi,1034
996,T-S 13J2.1,Legal document,"Thursday, 23 Kislev 1401",Seleucid,1089-12
997,T-S 13J2.10,Legal document,Second third of Av 1414,Seleucid,1103-07
998,T-S 13J2.11,Legal document,Tammuz 1415,Seleucid,1104-07
999,T-S 13J2.13,Legal document,Middle Av 1417,Seleucid,1106-07
1000,T-S 13J2.14,Legal document,Middle decade of Ṭevet 1417,Seleucid,1105-12
1001,T-S 13J2.15,Legal document,"Thursday, 1 Iyyar 1418",Seleucid,1107-04-25
1002,T-S 13J2.16,Legal document,"Wednesday, 11 Elul 1423",Seleucid,1112-09-04
1003,T-S 13J2.17,Legal document,Adar 1427,Seleucid,1116-02-16/1116-03-15
1004,T-S 13J2.18,Legal document,last third of Kislev 1649,Seleucid,1337-11-15/1337-11-23
1005,T-S 13J2.19,Legal document,Last third of Nisan 1448,Seleucid,1137-04
1006,T-S 13J2.2,Legal document,26 Tammuz 1405,Seleucid,1094-07-13
1007,T-S 13J2.21,Legal document,Elul 1451,Seleucid,1140-08
1008,T-S 13J2.24,Legal document,Adar 1450,Seleucid,1139
1009,T-S 13J2.25,Legal document,Ṭevet 1451,Seleucid,1140
1010,T-S 13J2.3,Legal document,12 Kislev 1405,Seleucid,1093-12-04
1011,T-S 13J2.4,Legal document,15 Kislev 1405,Seleucid,1093-12
1014,T-S 13J2.8,Legal document,Kislev 1411,Seleucid,1099-11/1099-12
1015,T-S 13J2.8,Legal document,12th Kislev 1411,Seleucid,1099-11-28
1025,T-S 13J21.17,Letter,1 Av 1448,Seleucid,1137-07-21
1073,T-S 13J25.3,Letter,"Tuesday, 11 Tishrei [4799]",Anno Mundi,1038-09-12
1085,T-S 13J26.6,Letter,"Wednesday, 23 Tammuz 1545",Seleucid,1234-06-21
1088,T-S 8J23.13 + T-S 13J27.17,Letter,Last decade of Nisan 1448,Seleucid,1137-04-14/1137-04-23
1096,T-S 13J3.1,Legal document,Kislev 1453,Seleucid,1141-11-02/1141-11-30
1098,T-S 13J3.11,Legal document,Early Elul 1476,Seleucid,1165-08
1099,T-S 13J3.12,Legal document,9 Kislev 1477,Seleucid,1165-11-15
1100,T-S 13J3.14,Legal document,Last decade of Adar 1481,Seleucid,1170-03
1101,T-S 13J3.16,Legal document,27 Nisan 1509,Seleucid,1198-04-05
1102,T-S 13J3.17,Legal document,Late Av 1552,Seleucid,1241-08
1103,T-S 13J3.19,Legal document,First third of Shevaṭ 1518,Seleucid,1207-01
1104,T-S 13J3.2,Legal document,1453,Seleucid,1142
1105,T-S 13J3.20,Legal document,2 Sivan 1519,Seleucid,1208-05-19
1106,T-S 13J3.21,Legal document,Sivan 1521,Seleucid,1210-06
1107,T-S 13J3.22,Legal document,"Tuesday, 25 Av 4973",Anno Mundi,1213-08-13
1108,T-S 13J3.24,Legal document,1 Sivan 1525,Seleucid,1214-05
1109,T-S 13J3.25,Legal document,First decade of Iyyar 1526,Seleucid,1215-04
1110,T-S 13J3.26,Legal document,last decade of Iyyar 1528,Seleucid,1217-04-30/1217-05-08
1111,T-S 13J3.27,Legal document,Second third of Tammuz 1529,Seleucid,1218-07
1112,T-S 13J3.3,Legal document,"Wednesday, 26 Iyyar 1454",Seleucid,1143-04
1113,T-S 13J3.4,Legal document,Late Tevet 4903,Anno Mundi,1143-01
1114,T-S 13J3.5,Legal document,Marḥeshvan 1455,Seleucid,1143-10
1115,T-S 13J3.6,Legal document,First decade of Elul 1458,Seleucid,1147
1116,T-S 13J3.7,Legal document,Nisan 1459,Seleucid,1148-03-23/1148-04-21
1117,T-S 13J3.8,Legal document,Late Elul 1460,Seleucid,1149-08
1118,T-S 13J3.9,Legal document,Elul 1462,Seleucid,1151-08
1126,T-S 13J33.5,Legal document,18 Shevat 4771,Anno Mundi,1011-01-25
1139,T-S 13J4.1,Legal document,Passover 1537,Seleucid,1226-04
1140,T-S 13J4.10,Legal document,"First decade of Sivan, 1564",Seleucid,1253-04
1141,T-S 13J4.11,Legal document,23 Kislev 1564,Seleucid,1252-11-26
1142,T-S 13J4.12,Legal document,Tishrei 1581,Seleucid,1269-09
1143,T-S 13J4.13,Legal document,5 Iyyar 1603,Seleucid,1292
1144,T-S 13J4.14,Legal document,Tevet 1555,Seleucid,1214-01
1145,T-S 13J4.15.1,Legal document,Kislev 1691,Seleucid,1379-11-11/1379-12-10
1146,T-S 13J4.15.2,Legal document,Kislev 1691,Seleucid,1379-11-11/1379-12-10
1147,T-S 13J4.16,Legal document,18 Sivan 1793,Seleucid,1482-06-05
1148,T-S 13J4.2,Legal document,"Tuesday, 1 Nisan 1537",Seleucid,1226-03-31
1149,T-S 13J4.3,Legal document,"Wednesday, 1 Adar 1539",Seleucid,1228-02-09
1150,T-S 13J4.4,Legal document,Adar 1540,Seleucid,1229
1152,T-S 13J4.6,Legal document,1544,Seleucid,1233
1153,T-S 13J4.7,Legal document,Middle Tammuz 1555,Seleucid,1244-06
1154,T-S 13J4.8,Legal document,Last decade of Kislev 5004,Anno Mundi,1243-12
1155,T-S 13J4.9,Legal document,Tishrei 1556,Seleucid,1244-09-05/1244-10-04
1157,T-S 13J5.2,Legal document,4 Adar II 4845,Anno Mundi,1085-03-03
1158,T-S 13J5.3,Legal document,Late Sivan 1461,Seleucid,1150-06
1159,T-S 13J5.4,Legal document,19 Tevet 1486,Seleucid,1174-12-15
1160,T-S 13J5.5,Legal document,"Tuesday, 12 Elul 1515",Seleucid,1204-08-10
1162,T-S 13J6.11,Legal document,[157]6,Seleucid,1264/1265
1163,T-S 13J6.11,Legal document,22 Shevaṭ 1576,Seleucid,1265-02-09
1164,T-S 13J6.12,Legal document,Tammuz 1461,Seleucid,1150-06-27/1150-07-25
1176,T-S 13J6.27,Legal document,Adar 1471,Seleucid,1160-02
1177,T-S 13J6.28,Legal document,"Friday, 24 Adar 1[6]50",Seleucid,1339-03-05
1178,T-S 13J6.3,Letter,Iyyar 1487,Seleucid,1176-04
1180,T-S 13J6.31,Legal document,"Thursday, 12 Adar I 1350",Seleucid,1039-02-09
1187,ENA 2558.18 + T-S 13J7.12,Legal document,"Tuesday, 7 Adar 1505",Seleucid,1194-01-30
1190,T-S 13J7.17,Legal document,middle third of Adar II 1461,Seleucid,1150-03-11/1150-03-20
1198,T-S 13J7.25,Letter,1339,Seleucid,1028
1200,T-S 13J7.3,Legal document,[1]339,Seleucid,1027-09-04/1028-09-22
1204,T-S 13J7.9,Legal document,1546,Seleucid,1234/1235
1205,T-S 13J8.25,Legal document,Av 1552,Seleucid,1241-07-10/1241-08-08
1206,T-S 13J8.1,Legal document,24 Tishrei (1)364,Seleucid,1052-09-21
1219,T-S 13J8.25,Legal document,Av 1552,Seleucid,1241-07-10/1241-08-08
1223,T-S 13J8.3,Legal document,"Wednesday, 9 Tammuz 4912 AM",Anno Mundi,1152-06-13
1225,T-S 13J8.31,Legal document,24 Sivan (4)802,Anno Mundi,1042-06-15
1227,T-S 13J8.6,Legal document,20 Iyyar 4846,Anno Mundi,1086-05-07
1236,T-S 13J9.4,Letter,Marḥeshvan 4818,Anno Mundi,1056-10
1237,T-S 13J9.5,Legal document,"Thursday, 9 Tammuz 4807",Anno Mundi,1047-07-06
1239,T-S 13J9.7,Legal query or responsum,Ḥeshvan 1478,Seleucid,1166
1241,T-S 13J9.9,Letter,22 Kislev 1524,Seleucid,1212-11-18
1264,T-S Ar.5.1,Legal document,13 Muḥarram 424,Hijrī,1032-12-19
1266,T-S Ar.51.144,List or table,Muḥarram 598,Hijrī,1201-10-01/1201-10-30
1268,T-S Ar.52.248,Letter,Ṭevet 1476,Seleucid,1165-01
1272,T-S Ar.53.51,Letter,Sha'ban 429,Hijrī,1038-05-09/1038-06-06
1275,T-S Ar.54.61,List or table,Sivan 1529,Seleucid,1219-05-17/1219-06-15
1276,T-S Ar.54.66,Letter,4935,Anno Mundi,1174-08-29/1175-09-17
1284,T-S AS 145.1,Legal document,"Tuesday, 11 Iyyar 41502",Seleucid,1191-05-07
1289,T-S AS 146.66,Legal document,6 Nisan 4693,Anno Mundi,0933-04-04
1329,T-S K15.13,List or table,Heshvan-Kislev 1495,Seleucid,1183-10-19/1183-12-17
1339,JRL Gaster heb. ms 1636/14 + T-S K21.98,List or table,426–30,Hijrī,1034-11-16/1039-09-22
1346,T-S 10J11.26 + T-S K25.227 + T-S Ar.44.223 + T-S Ar.18(1).181,List or table,430,Hijrī,1039
1350,T-S K3.11,List or table,1494,Seleucid,1183
1354,T-S K6.44,List or table,Sivan 1558,Seleucid,1247-05-07/1247-06-05
1368,T-S Misc.24.137.4,Letter,First third of Shevaṭ 1471,Seleucid,1160
1377,T-S Misc.27.4.26,Legal document,"Wednesday night, 28 Sivan 1581",Seleucid,1270
1378,T-S Misc.27.4.29 + T-S Misc.27.4.23,Legal document,"Monday, 2[7] Kislev 1405",Seleucid,1093-12-19
1385,T-S Misc.28.71,Legal document,"Thursday, 6 Iyyar 1803",Seleucid,1492-05-03
1387,T-S 16.377,Legal document,21 Av 1564,Seleucid,1253-07-18
1391,T-S Misc.35.40,Letter,Av 1351,Seleucid,1040-07-14/1040-08-12
1399,T-S Misc.8.3,List or table,18 Elul 1809,Seleucid,1498-09-05
1410,T-S NS J17,Paraliterary text,1 Av 4827,Anno Mundi,1067-07-16
1412,T-S NS J18,Legal document,Shevaṭ 1416,Seleucid,1105-01-18/1105-02-16
1414,T-S NS J2,Legal document,Adar 1555,Seleucid,1244-02-12/1244-03-11
1415,T-S NS J201,Legal document,1 Elul 1645,Seleucid,1334-08-03
1418,T-S NS J254,List or table,Last decade of Ṭevet 1587,Seleucid,1276-01-08/1276-01-17
1421,T-S NS J268,Legal document,3 Av [15]42,Seleucid,1231-07-04
1427,T-S Misc.28.51 + T-S NS J296,List or table,Av 1470,Seleucid,1159-07
1434,T-S NS J382 + T-S 12.177 + T-S NS J338,Legal document,25 Shevaṭ 15[07],Seleucid,1196
1453,T-S NS 264.7,Legal document,"Monday, 13 Ḥeshvan 1686",Seleucid,1374-10-19
1459,T-S NS 313.4,Legal document,4854,Anno Mundi,1093-09-24/1094-09-13
1461,T-S NS 320.108,Legal document,4693,Anno Mundi,0932-09-03/0933-09-22
1466,T-S NS 320.27,Credit instrument or private receipt,1477,Seleucid,1165/1166
1469,T-S NS 320.48,List or table,Nisan 1558,Seleucid,1247
1474,T-S NS 321.4,Legal document,4772,Anno Mundi,1011-09-01/1012-09-19
1480,T-S NS 320.76b + T-S 12.535 + T-S NS 320.76a + T-S NS 323.35,Legal document,10 Elul 1403,Seleucid,1006
1481,T-S NS 324.26,Legal document,"Monday, 27 Kislev 1560",Seleucid,1248-12-14
1529,T-S 10J2.3,Legal document,Adar 4786,Anno Mundi,1026-01-22/1026-02-20
1539,T-S 10J26.1 + Bodl. MS heb. d 66/4,Legal document,7 Elul 4825,Anno Mundi,1065-08-11
1540,T-S 10J26.8,Legal document,"Monday, 9 Sivan 4839",Anno Mundi,1079-05-13
1619,T-S 12.154,Legal document,"Thursday, 16 Av 4705",Anno Mundi,0945-07-29
1630,T-S 12.218,Letter,6 Shawwal 401,Hijrī,1011-05-13
1634,T-S 12.23,List or table,428,Hijrī,1036-10-25/1037-10-13
1647,T-S 12.299,Letter,25 Tishrei 4973,Anno Mundi,1212-09-23
1668,T-S 12.451,Legal document,Elul 4794,Anno Mundi,1034-08-18/1034-09-15
1677,T-S 12.507,Legal document,"Monday, 14 Tammuz 4826",Anno Mundi,1066-07-10
1679,T-S 12.543,Letter,Av 1576,Seleucid,1265
1680,T-S 12.548,Legal document,1393,Seleucid,1081/1082
1681,T-S 12.573,Legal document,Ḥeshvan 5139,Anno Mundi,1378-10-23/1378-11-20
1682,T-S 12.575,Letter,19 Adar 1538,Seleucid,1227-03-16
1705,T-S 16.122,Legal document,Marḥeshvan 4907,Anno Mundi,1146-10
1706,T-S 16.123,Legal document,22 Tevet 4812,Anno Mundi,1051-12-29
1738,T-S 16.355,Legal document,8 Adar 1572,Seleucid,1261-02-09
1739,T-S 16.374,Legal document,"Friday, 4 Nisan 4782",Anno Mundi,1022-03-09
1742,T-S 16.53,Legal document,"Monday, 3 Nisan 4841",Anno Mundi,1081-03-15
1744,T-S 16.63,Legal document,Adar 1461,Seleucid,1150-01-30/1150-02-28
1750,T-S 18J1.3,Legal document,11th Tammuz 4767,Anno Mundi,1007
1751,T-S 18J1.7,Legal document,"Monday, 27th Ṭevet 4797",Anno Mundi,1037-01-23
1763,T-S 18J4.20,Letter,Sivan 1508,Seleucid,1197-05-20/1197-06-18
1774,T-S 20.110,Legal document,Elul 4846,Anno Mundi,1086-08-14/1086-09-11
1780,T-S 20.141,Letter,Iyyar 1405,Seleucid,1094-04-20/1094-05-18
1783,T-S 20.152,Legal document,17th Tevet 1370,Seleucid,1059-01-05
1793,T-S 20.3,Legal document,last third of Adar 1428,Seleucid,1117-02-25/1117-03-05
1798,T-S 20.87,Legal document,Middle of Tammuz 1445,Seleucid,1134-07
1802,T-S 24.35,Legal document,[47]40,Anno Mundi,0979-09-25/0980-09-12
1803,T-S 24.41,Letter,Adar 1525,Seleucid,1214-02-12/1214-03-12
1814,T-S 6J1.32,Legal document,"Thursday, 28 Tammuz 1571",Seleucid,1260-07-08
1815,T-S 6J2.1,Legal document,20 Sivan 4964,Anno Mundi,1204-05-28
1818,T-S 6J3.26,Legal document,4971,Anno Mundi,1210/1211
1828,T-S 8.129,Legal document,18 Kislev [48]41,Anno Mundi,1080-12-02
1831,T-S 8.143,Legal document,"Wednesday, 4 Elul 1561",Seleucid,1250-08-03
1832,T-S 8.161,Legal document,First decade of Iyyar 1540,Seleucid,1229-04-26/1229-05-05
1833,T-S 8.180,Legal document,"Monday, 9 Ṭevet 1562",Seleucid,1250-12
1834,T-S 8.195 + T-S Ar.50.43,Legal document,"Monday, 16 Sivan 1769",Seleucid,1458
1836,T-S 8.234,Paraliterary text,4821,Anno Mundi,1060-08-29/1061-09-16
1851,T-S 8J10.18,Legal document,1 Tishrei 1446,Seleucid,1134-09-20
1864,T-S 8J11.14,Legal document,"Last third of Tishrei, 15??",Seleucid,1210/1220
1867,T-S 6J2.2 + T-S 8J11.17,Legal document,16 Elul 1355,Seleucid,1044-08-13
1868,T-S 8J11.18,Legal document,4826,Anno Mundi,1065-09-03/1066-09-22
1872,T-S 8J11.4,List or table,1494,Seleucid,1182-08-31/1183-09-18
1881,T-S 8J12.1,Legal document,"Wednesday, 18 Sivan 1421",Seleucid,1110-06-08
1882,T-S 8J12.2,Legal document,1488,Seleucid,1176
1883,T-S 8J12.3,Legal document,"Tuesday, 2 Shevaṭ 1492",Seleucid,1181-01-20
1992,T-S 8J17.28,Letter,7 Ḥeshvan 1551,Seleucid,1239-10-07
2001,T-S 8J17.6,Letter,4996,Anno Mundi,1235-09-15/1236-09-01
2045,T-S 8J19.30,Legal document,first decade of Ṭevet 1504,Seleucid,1192-12-08/1192-12-17
2053,T-S 8J20.11,Letter,Elul 4932,Anno Mundi,1172-08-23/1172-09-20
2060,T-S 8J20.2,Letter,26 Ḥeshvan [4817],Anno Mundi,1056-11-06
2093,T-S 8J4.10,Legal document,12 Tammuz 1402,Seleucid,1091
2094,T-S 8J4.11 + T-S NS J6 + T-S 8J4.12,Legal document,27 Adar 1403,Seleucid,1092-03-08
2097,T-S 8J4.14,Legal document,28th Elul 1409,Seleucid,1098-08-28
2099,T-S 8J4.14,Legal document,7th Kislev 1410,Seleucid,1098-11-04
2100,T-S 8J4.15,Legal document,"Monday, 18 Av 1490",Seleucid,1098-07-19
2101,T-S 8J4.15,Legal document,"Thursday, 21 Av 1490",Seleucid,1098-07-22
2102,T-S 8J4.16,Legal document,24th Shevat 1411,Seleucid,1100-02-06
2103,T-S 8J4.1,Legal document,1339,Seleucid,1027-09-04/1028-09-22
2104,T-S 8J4.16,Legal document,Nisan 1411,Seleucid,1100-03
2105,T-S 8J4.17,Legal document,2nd Shevat 1412,Seleucid,1101-01-03
2106,T-S 8J4.18,Legal document,Tishrei 4863,Anno Mundi,1102-09-15/1102-10-14
2107,T-S 8J4.19 + T-S 12.528,Legal document,"Monday, 23 Ṭevet 4864",Anno Mundi,1103-12-24
2108,T-S 8J4.1,Legal document,1339,Seleucid,1027/1028
2110,T-S Ar.50.57 + T-S 8J4.20,Legal document,last decade of Kislev 1419,Seleucid,1107-12-08/1107-12-17
2111,T-S 8J4.21,Legal document,"Thursday, 27 Av 1419",Seleucid,1108-08-06
2113,T-S 8J4.22,Legal document,7 Heshvan 1420,Seleucid,1108-10-14
2114,T-S 8J4.23,Legal document,end of Tammuz 1421,Seleucid,1110-06-21/1110-07-19
2117,T-S 8J4.23,Legal document,"Thursday, 21 Elul 1421",Seleucid,1110-09-08
2118,T-S 8J4.24 + T-S 8J7.8,Legal document,"Tuesday, 20 Shevaṭ 1422",Seleucid,1111-01-31
2122,T-S 8J4.3.1,Legal document,"Monday, 6 Adar I 1339",Seleucid,1028
2123,T-S 8J4.4,Legal document,8 Tishri 1369,Seleucid,1057-09-09
2126,T-S 13J8.12 + T-S 8J4.7,Legal document,2 Adar 1395,Seleucid,1084-02
2127,T-S 8J4.8 + T-S 10J5.25,Legal document,1387,Seleucid,1076
2129,T-S 8J4.9,Legal document,First ten days of Tammuz 1410,Seleucid,1099-06
2130,T-S 8J4.9,Legal document,7th Av 1410,Seleucid,1099-07-28
2131,T-S 8J4.9,Legal document,Tammuz 1410,Seleucid,1099-06
2134,T-S 8J5.12,Legal document,Last day of Shevaṭ 1447,Seleucid,1136-04-02
2136,T-S 8J5.15 + CUL Or.1080 J288,Legal document,First third of Shevaṭ 1463,Seleucid,1152-01
2137,T-S 8J5.17,Legal document,"Monday, 21 Sivan 1467",Seleucid,1156
2139,T-S 8J5.18,Legal document,"Tuesday, 19 Elul 1468",Seleucid,1157-08-27
2142,T-S 8J5.1,Legal document,Elul 7th 1425,Seleucid,1114-08-11
2146,T-S 8J5.20 + T-S 8J5.19,Legal document,Nisan 4918,Anno Mundi,1158-03-02/1158-03-31
2147,T-S 8J5.21,Legal document,"Tuesday, 24 Sivan 1471",Seleucid,1160-05-31
2148,T-S 8J5.22,Legal document,"Wednesday, 9 Kislev 1473",Seleucid,1161-11-29
2150,T-S 8J5.23,Legal document,Av 1480,Seleucid,1169
2151,T-S 8J5.24,Legal document,Ḥeshvan 1484,Seleucid,1172-10-21/1172-11-18
2152,T-S 8J5.25,Legal document,"Sunday, 1 Sivan 1572",Seleucid,1261-05-01
2153,T-S NS 259.37 + T-S 8J5.3,Legal document,6 Iyyar 1435,Seleucid,1124-04-22
2154,T-S 8J5.4,Legal document,"Tuesday, 2 Av 1438",Seleucid,1127-07-12
2155,T-S 8J5.5,Legal document,Adar 1416,Seleucid,1105-02
2156,T-S 8J5.8,Legal document,Jumada II 534,Hijrī,1140-01-23/1140-02-20
2157,T-S 8J5.9,Legal document,Tammuz 1441,Seleucid,1130
2158,T-S 8J6.2,Legal document,1525,Seleucid,1213-09-17/1214-09-05
2160,T-S 8J6.10,Legal document,End of Av 1549,Seleucid,1238
2161,T-S 8J6.11,Legal document,Last decade of Elul 1553,Seleucid,1242
2162,T-S 8J6.12,Legal document,Shevaṭ 1527,Seleucid,1215-12-24/1216-01-22
2163,T-S 8J6.13,Legal document,first third of Tammuz 500[.],Anno Mundi,1244/1249
2164,T-S 8J6.14,Legal document,"Wednesday, 26 Iyyar 1552",Seleucid,1241-05-08
2165,T-S 8J6.14,Legal document,Middle decade of Sivan 1552,Seleucid,1241-05-22/1241-05-31
2166,T-S 8J6.15,Legal document,"Sunday, 5 Ṭevet 1554",Seleucid,1242-11-30
2167,T-S 8J6.16,Legal document,13 Tishrei 1564,Seleucid,1252-09-17
2168,T-S 8J6.16,Legal document,1564,Seleucid,1252/1253
2170,T-S 8J6.17,Legal document,First third of Ṭevet 1593,Seleucid,1281-12-14/1281-12-23
2174,T-S 8J6.19,Legal document,"Wednesday, 17 Tishrei 1807",Seleucid,1495-10-05
2175,T-S 8J6.1,Legal document,End of Sivan 152[.],Seleucid,1209/1218
2176,T-S 8J6.3,Legal document,4976,Anno Mundi,1215-08-27/1216-09-14
2177,T-S 8J6.4,Legal document,1529,Seleucid,1217/1218
2178,T-S 8J6.5,Letter,"Thursday, 29 Tammuz 1536",Seleucid,1225-07-06
2179,T-S 8J6.8 + T-S 13J30.3,Legal document,Elul 4994,Anno Mundi,1234-07-28/1234-08-25
2180,T-S 8J6.9,Legal document,1 Av 1542,Seleucid,1231
2181,T-S 8J6.9,Legal document,3 Av 1542,Seleucid,1231
2191,T-S 8J7.2,Legal document,1414,Seleucid,1103
2214,T-S 8J8.5,Legal document,"Thursday, 25 Iyyar 1528",Seleucid,1217-05-04
2222,T-S 8J9.13,Legal document,1532,Seleucid,1220-08-31/1221-09-17
2223,T-S 8J9.13,Legal document,Adar II 1529,Seleucid,1218-02-28/1218-03-28
2228,T-S 8J9.18,Legal document,"Friday, 9 Nisan 5025",Anno Mundi,1265-03-27
2236,T-S 8J9.6,Legal document,Iyyar 1411,Seleucid,1100-04-12/1100-05-10
2237,T-S 8J9.6,Legal document,Tammuz 1411,Seleucid,1100-06-10/1100-07-08
2265,CUL Or.1080 J208,Legal document,Middle decade of Iyyar 1689,Seleucid,1378-05-09/1378-05-18
2286,CUL Or.1081 J32,Legal document,Middle decade of Tammuz 1565,Seleucid,1254-06-28/1254-07-07
2291,CUL Add.3358,Legal document,4799,Anno Mundi,1038-09-02/1039-09-21
2293,CUL Add.3430,Legal document,26 Shevat 1339,Seleucid,1028-01-26
2295,CUL Or.1080 J154,Letter,Rabīʿ I 399,Hijrī,1008-11-03/1008-12-02
2367,BL OR 10126(1).6,Legal document,Last third of Tishrei 1551,Seleucid,1239-09-21/1239-09-30
2387,ENA 4011.6,Legal document,"Monday, 9 Nisan 1469",Seleucid,1158
2388,ENA 4011.50,Legal document,middle decade of Tammuz 1477,Seleucid,1166-06-12/1166-06-21
2389,ENA 4011.52,Letter,1 Kislev 1456,Seleucid,1144-10-30
2392,ENA 4011.56,Legal document,Tammuz 1436,Seleucid,1125-06-04/1125-07-02
2394,ENA 4011.56,Legal document,"Monday, 5 Tammuz 4889",Anno Mundi,1129-06-24
2396,ENA 4011.64,Legal document,last decade of Iyyar 1489,Seleucid,1178-05-09/1178-05-18
2397,ENA 4011.67,Legal document,30 Nisan 1456,Seleucid,1145-04-25
2399,ENA 4011.72,Legal document,Adar 1411,Seleucid,1100-02
2400,ENA 4011.72,Legal document,Sivan 1411,Seleucid,1100-02
2402,ENA 4020.12,Legal document,Nisan 1424,Seleucid,1113-03-20/1113-04-18
2404,ENA 4020.16,Legal document,"Tuesday, 5 Adar 4828",Anno Mundi,1068-02-12
2410,ENA 4020.35,Legal document,1461-03-15,Seleucid,1149-11-17
2411,ENA 4020.36,Legal document,Tammuz 1477,Seleucid,1166-06-02/1166-06-30
2415,ENA 4020.52,Legal document,Tammuz 1443,Seleucid,1132-06-16/1132-07-14
2416,ENA 4020.62,List or table,1440,Seleucid,1128/1129
2417,ENA 4020.9,Legal document,Tevet 1462,Seleucid,1150-12-22/1151-01-19
2418,ENA NS 13.34,Legal document,Monday 20 Tevet 1520,Seleucid,1208-12-29
2426,ENA NS 17.16,Legal document,"Monday, 27 Ṭevet 1665",Seleucid,1353-12-23
2432,ENA NS 17.31,Legal document,"Thursday, 26 Nisan 1395",Seleucid,1084-04
2435,ENA NS 18.18,Legal document,Av 1346,Seleucid,1035-07-09/1035-08-07
2446,ENA 2739.8 + ENA NS 19.10,Letter,Tishrei 4961,Anno Mundi,1200-09-11/1200-10-10
2450,Yevr. III B 1064,Legal document,Middle decade of Elul 1485,Seleucid,1174-08-10/1174-08-19
2451,Yevr. III B 349,Legal document,26 Iyyar 1381,Seleucid,1070-05-10
2456,Yevr. III B 460,Legal document,"Monday, 5 Nisan 1376",Seleucid,1065-03-14
2460,BL OR 10588.1,Legal document,13[..],Seleucid,988/1088
2465,BL OR 5566C.16,Legal document,Ḥeshvan 1446,Seleucid,1134-10-20/1134-11-18
2472,Bodl. MS heb. f 102/43 + Bodl. MS heb. e 101/13,Legal document,1532,Seleucid,1220/1221
2473,Bodl. MS heb. e 101/14,Legal document,Ḥeshvan 1543,Seleucid,1231-09-29/1231-10-27
2501,Bodl. MS heb. f 56/18 + Bodl. MS heb. f 56/14,Legal document,1476,Seleucid,1164/1165
2502,Bodl. MS heb. f 56/45 + Bodl. MS heb. f 56/46,Legal document,"Wednesday, 18 Nisan 1493",Seleucid,1182-03-24
2509,Bodl. MS heb. a 2/4,Legal document,4 Ḥeshvan 1341,Seleucid,1029-10-14
2511,Bodl. MS heb. a 3/5,Legal document,"Wednesday, 21 Ṭevet 1462",Seleucid,1151-01-11
2512,Bodl. MS heb. a 3/6,Legal document,Iyyar 1480,Seleucid,1169-04-29/1169-05-27
2513,Bodl. MS heb. a 3/8,Legal document,"Monday, 15 Kislev 1446",Seleucid,1134-12-03
2521,Bodl. MS heb. b 3/8 + Bodl. MS heb. b 3/7,Legal document,29 Nisan 1543,Seleucid,1232-04-20
2523,Bodl. MS heb. c 28/54,Legal document,Adar 1514,Seleucid,1203-03
2527,Bodl. MS heb. c 28/69,Legal document,middle third of Shevat 1471,Seleucid,1160-01-21/1160-01-30
2530,Bodl. MS heb. d 61/10,Legal document,Sivan 1411,Seleucid,1100
2531,Bodl. MS heb. d 61/9,Legal document,Nisan 1411,Seleucid,1100-03-13/1100-04-11
2533,Bodl. MS heb. d 66/109,Legal document,29th Sivan 1456,Seleucid,1145-06-22
2535,Bodl. MS heb. d 66/140,Legal document,"Wednesday, 4 Av 1652",Seleucid,1341-07-19
2538,Bodl. MS heb. d 66/17,Legal document,Tammuz 1458,Seleucid,1147-06-01/1147-06-29
2540,Bodl. MS heb. d 66/22,Legal document,"Friday, 4 Ṭevet 4831",Anno Mundi,1070-12-10
2544,Bodl. MS heb. d 66/35,Legal document,"Sunday, 22 Adar 4985",Anno Mundi,1225-03-03
2548,Bodl. MS heb. d 66/59,List or table,1526,Seleucid,1214-09-06/1215-08-26
2550,Bodl. MS heb. d 66/7,Legal document,"Monday, 5 Av 1443",Seleucid,1132-07-19
2551,Bodl. MS heb. d 66/77,Legal document,8 Ḥeshvan 1473,Seleucid,1161-10-30
2553,Bodl. MS heb. d 66/8,Legal document,"Monday, 8 Shevaṭ 4866",Anno Mundi,1106-01-15
2555,Bodl. MS heb. d 66/83,Legal document,"Thursday, 21 Ṭevet 1357",Seleucid,1046-01-02
2559,Bodl. MS heb. d 66/99,Legal document,Tishrei 1451,Seleucid,1139-08-28/1139-09-26
2577,Bodl. MS heb. d 79/36,Legal document,24 Nisan 4780,Anno Mundi,1020-04-21
2580,T-S NS 320.55 + CUL Or.2116.10,Legal document,Kislev 4917,Anno Mundi,1156-11-16/1156-12-15
2581,Halper 340,Legal document,"Thursday, 21 Elul 1404",Seleucid,1093-09-15
2601,ENA 1822a.56,Legal document,First third of Adar,Seleucid,1204/1237
2647,ENA 2727.14b,Legal document,Ḥeshvan 1646,Seleucid,1334-10-01/1334-10-29
2649,ENA 2806.11 + ENA 2727.18b,Legal document,"Sunday night, 25 Kislev 1444",Seleucid,1133
2657,ENA 4010.39,Legal document,1361,Seleucid,1050
2661,ENA 4010.44 + ENA 4010.43,Legal document,Av 1339,Seleucid,1028-07-26/1028-08-24
2663,ENA 4011.28,Legal document,"Wednesday, 23 Ṭevet 1493",Seleucid,1181-12
2664,ENA 4011.40,Legal document,Last ten days of Shevaṭ 1418,Seleucid,1107-01
2665,ENA 4011.34,Legal document,Nisan 1461,Seleucid,1150-03-30/1150-04-28
2683,ENA NS 2.41,Legal document,"Thursday, 25 Tishri 1339",Seleucid,1027-09-28
2687,ENA NS 21.1,Legal document,First third of [month] 1560,Seleucid,1248/1249
2695,ENA NS 21.18,Legal document,Tammuz 1538,Seleucid,1227-06-17/1227-07-15
2714,ENA NS 7.25,Legal document,5th Tevet 1339,Seleucid,1027-12-13
2715,Yevr.-Arab. II 1415,Letter,Elul 1524,Seleucid,1213-08-19/1213-09-16
2732,"Moss. VII,110.1",Legal document,1531,Seleucid,1219-09-12/1220-08-30
2737,"Moss. VII,2.1",Legal document,Iyyar 1407,Seleucid,1096-04-26/1096-05-24
2738,"Moss. VII,37.1",Legal document,Tammuz 1310,Seleucid,0999-06-18/0999-07-16
2739,"Moss. VII,37.2 + Moss. VII,76.1",Legal document,Wednesday 29th Elul 1354,Seleucid,1043-09-07
2741,"Moss. VII,46",Letter,Tammuz 1366,Seleucid,1055-06-29/1055-07-27
2745,"Moss. VII,67.2",Legal document,1[.] Kislev 48[..],Anno Mundi,1039-11-30/1138-11-24
2747,"T-S 8.108 + T-S 12.843 + Moss. VII,69.1",Legal document,middle decade of Ṭevet 1437,Seleucid,1125-12-09/1125-12-18
2752,"Moss. VII,74.1",Legal document,1416,Seleucid,1105
2754,"Moss. VII,7",Legal document,429,Hijrī,1037-10-14/1038-10-02
2757,"Moss. IX,163",List or table,Heshvan 1513,Seleucid,1201-10
2773,T-S 10J10.13,Letter,4852,Anno Mundi,1091-09-16/1092-09-03
2913,T-S 10J17.9,Letter,Av 1453,Seleucid,1142-07-25/1142-08-23
2917,T-S NS 321.63 + T-S 10J18.14 + T-S AS 156.83 + T-S 10J21.9 + T-S Ar.18(1).133,Legal document,"Thursday, 12 Adar I 1350",Seleucid,1039-02-09
2958,T-S 10J21.14 + T-S 8J32.9,Legal document,Iyyār 1459,Seleucid,1148-04-22/1148-05-20
2966,T-S 10J22.3,Literary text,Iyyar 1357,Seleucid,1046-04-10/1046-05-08
2970,T-S 10J23.2,Legal document,Kislev 1454,Seleucid,1142-11-20/1142-12-19
2971,T-S 10J24.7 + T-S 10J29.4,Letter,Iyyar 1497,Seleucid,1186
2981,T-S 10J27.3.2,Legal document,25 Tammuz 1418,Seleucid,1107-07-18
2983,T-S 18J5.10a + T-S 10J27.6 + T-S 18J5.10b + T-S AS 115.22,Legal document,"Thursday, 17 Sivan 4806",Anno Mundi,1046-05-25
2985,T-S 10J28.10,Legal document,"First third of Adar II, 1446",Seleucid,1135-02
2986,T-S 10J28.11,Legal document,1434,Seleucid,1122/1123
2987,T-S 10J28.12,Legal document,"Thursday, 25 Av 1411",Seleucid,1100-08-02
2989,T-S 10J28.14,Legal document,middle decade of Tevet 1417,Seleucid,1105-12
2990,T-S 10J28.16,Legal document,"Tuesday, 15 Kislev 1469",Seleucid,1157-11-19
2991,T-S 10J28.17,Legal document,"Monday, 23 Sivan 4856",Anno Mundi,1096-06-16
2993,T-S 10J28.2,Legal document,Av 1363,Seleucid,1052-07
2996,T-S 12.777 + T-S 10J28.7,Legal document,middle decade of Ṭevet 145[5],Seleucid,1143-12-20/1143-12-29
3018,T-S 10J4.15,Legal document,Middle Shevat 1489,Seleucid,1178-01
3021,T-S 10J5.1,Legal document,1526 4975,Seleucid,1214-09-26/1214-10-05
3024,T-S 10J5.15,Legal document,Shaʿbān 412,Hijrī,1021-11-10/1021-12-08
3035,T-S 10J5.8,Legal document,Kislev 1454,Seleucid,1142-12
3036,T-S 10J5.9,Legal document,Av 1413,Seleucid,1102-07-18/1102-08-16
3059,T-S 10J7.6,Legal document,Sivan 1460,Seleucid,1149-05
3084,T-S 10J9.30,Legal document,Dhū l-Qaʿda 530,Hijrī,1136-08
3096,T-S 12.126,Legal document,Iyyar 1540,Seleucid,1229-05
3113,T-S 12.26,Legal document,Ḥeshvan 1402,Seleucid,1090-09-28/1090-10-26
3143,T-S 12.37,Legal document,Av 1414,Seleucid,1103-07/1103-08
3150,BL OR 5566D.22 + T-S 12.39,Legal document,"Wednesday, 3 Tishrei 1627",Seleucid,1315-09-03
3173,T-S 12.479,Legal document,"Thursday, 25 Tammuz 1395",Seleucid,1084-07-01
3174,T-S 12.494,Legal document,24th Av 1421,Seleucid,1110-08-12
3178,T-S 12.544,Legal document,Tevet 1459,Seleucid,1147-12
3181,T-S 12.566,Letter,5 Rabīʿ I 420,Hijrī,1029-03-24
3184,T-S 12.583,Legal document,5th Kislev 1402,Seleucid,1091-10-31
3198,T-S 12.694,Legal document,Shevaṭ 1450,Seleucid,1139-01-04/1139-02-02
3200,T-S 12.710,Legal document,"Thursday, 24 Tammuz 1298",Seleucid,0987-06-23
3204,T-S 12.8 + T-S 10J4.9,Legal document,Nisan 4830,Anno Mundi,1070-03-16/1070-04-14
3209,T-S 12.98,Legal document,Tishrei 137[0-9],Seleucid,1058-09-21/1067-10-20
3274,T-S 13J18.15,Letter,Ḥeshvan 1439,Seleucid,1127-10-08/1127-11-06
3307,T-S 13J1.4,Legal document,Sivan 18th (1)329,Seleucid,1018-06-04
3314,T-S 13J20.21,Legal document,1528,Seleucid,1216-09-15/1217-09-03
3320,T-S 13J20.5,State document,545,Hijrī,1150/1151
3333,T-S 13J21.25,Letter,23 Shevat 4968,Anno Mundi,1208-02-12
3336,T-S 13J21.27,Letter,3 Tevet 4975,Anno Mundi,1214-12-07
3376,T-S 13J25.18,Letter,"Friday, 12 Muharram 417",Hijrī,1026-03-05
3389,T-S 13J27.11,Letter,22 Shevat 1525,Seleucid,1214-02
3415,T-S 16.125,Legal document,24 Tammuz 5252,Anno Mundi,1492-07-19
3416,T-S 16.127,Legal document,Av 1412,Seleucid,1101-06-28/1101-07-27
3417,T-S 16.128,Letter,Tishrei 1343,Seleucid,1031
3418,T-S 16.129,Legal document,Iyyar 5159,Anno Mundi,1399-04-07/1399-05-05
3422,T-S 16.132,Legal document,Tishrei 4759,Anno Mundi,0998-09-24/0998-10-23
3423,T-S 16.138 + T-S AS 152.28,Legal document,"Wednesday, 17 Av 4837",Anno Mundi,1077-08-09
3430,T-S 16.170,Legal document,"Sunday, 1406",Seleucid,1094/1095
3432,T-S 16.172,Legal document,Iyyar 1542,Seleucid,1231-04-05/1231-05-03
3437,T-S 16.188,Legal document,"Tuesday, 15 Ṭevet 1416",Seleucid,1105-01-03
3443,T-S 16.20,Legal document,last decade of Elul 1552,Seleucid,1241-08-29/1241-09-06
3444,T-S 16.200,Legal document,Tishrei 1537,Seleucid,1225-09-04/1225-10-03
3445,T-S 16.203,Legal document,1395,Seleucid,1083/1084
3447,T-S 16.207,List or table,Kislev 1431,Seleucid,1119
3455,T-S 16.22 + T-S 10J5.17,Legal document,1449,Seleucid,1138
3488,T-S 16.286,Letter,10 Ḥeshvan 1531,Seleucid,1219-10-21
3498,T-S 18J1.11,Legal document,End of Ṭevet 1393,Seleucid,1082-01
3500,T-S 18J1.13,Legal document,"Wednesday, 21 Sivan 4845",Anno Mundi,1085-06-16
3501,T-S 18J1.14,Legal document,14 Elul 1405,Seleucid,1094-08-29
3503,T-S 18J1.16,Legal document,Last third of Kislev 1420,Seleucid,1108
3504,T-S 18J1.17,Legal document,"Tuesday, 5 Kislev 1420",Seleucid,1108-11-10
3505,T-S 18J1.18,Legal document,Adar 1427,Seleucid,1116-02-16/1116-03-15
3506,T-S 18J1.19,Legal document,Av 1430,Seleucid,1119-07-11/1119-08-09
3508,T-S 18J1.20,Legal document,Nisan 1437,Seleucid,1126-03-27/1126-04-25
3515,T-S 18J1.26,Legal document,"Monday, 16 Sivan 1471",Seleucid,1160-05-23
3518,T-S 18J1.31,Legal document,Adar II 1524,Seleucid,1213-04
3519,T-S 18J1.32,Legal document,1539,Seleucid,1227-09-13/1228-09-01
3520,T-S 18J1.33,Legal document,7 Tevet 1541,Seleucid,1229-12/1230-01
3523,T-S 18J1.6,Legal document,"Tuesday, 9 Iyyar 1339",Seleucid,1028-05-07
3524,T-S 18J1.9,Legal document,1471 decade of Shevaṭ 1471,Seleucid,1160-01-31/1160-02-09
3525,T-S 18J1.22,Legal document,"Monday, 7 Nisan 1452",Seleucid,1141-03-17
3538,T-S 10J5.16 + T-S 18J5.2,Legal document,1408,Seleucid,1096-09-20/1097-09-09
3539,T-S 20.116,Legal document,Tammuz 1399,Seleucid,1088-06-23/1088-07-21
3541,T-S 20.124 + Halper 339,Legal document,"Sunday, 21 Adar 1374",Seleucid,1063
3552,T-S 20.31,Legal document,"Thursday, 2 Adar 1403",Seleucid,1092-02-12
3553,T-S 20.32,Legal document,"Thursday, 20 Av 1368",Seleucid,1057
3557,T-S 20.98,Legal document,First third of Shevat 1555,Seleucid,1244-01-13/1244-01-22
3559,T-S 24.1,Legal document,12 Shevaṭ 1393,Seleucid,1082-01-14
3561,T-S 24.25,Letter,585,Hijrī,1189-02-19/1190-02-07
3565,T-S 24.44,Legal document,Av 1413,Seleucid,1102-07-18/1102-08-16
3567,T-S 24.67,Letter,12 Elul 4968,Anno Mundi,1208-08-26
3569,T-S 24.74,Legal document,"Thursday, 27 Adar I 1415",Seleucid,1104-02-25
3572,T-S 28.6,Legal document,"Thursday, 3 Tammuz 1390",Seleucid,1079-06-06
3573,T-S 28.6,Legal document,16 Ḥeshvan 4835,Anno Mundi,1074-11-09
3579,T-S 6J1.12,Legal document,"Sunday, 27 Sivan 1470",Seleucid,1159
3593,T-S 6J1.25,Legal document,[14]41,Seleucid,1129-09-16/1130-09-05
3603,T-S 8J5.6 + T-S 6J1.4 + T-S 6J4.21 + T-S 8J9.8,Legal document,shortly before Elul 1437,Seleucid,1126
3604,T-S 6J1.6,Legal document,1413,Seleucid,1101-08-26/1102-09-14
3637,T-S 6J3.5,Legal document,23 Ḥeshvan 521,Hijrī,1127-11-01
3639,T-S 6J3.7,Letter,Adar 1463,Seleucid,1152-02-08/1152-03-07
3654,T-S 8.137,Legal document,Av 1371,Seleucid,1060-07-01/1060-07-30
3672,T-S 8J22.31,Letter,1528,Seleucid,1216/1217
3715,T-S 8J24.8,Letter,"Sunday, 27 Nisan 1415",Seleucid,1104-04-24
3761,T-S 8J28.2,Credit instrument or private receipt,Kislev 1412,Seleucid,1100-11-04/1100-12-03
3776,T-S 8J29.5,Legal document,21 Iyyar 4807,Anno Mundi,1047-05-20
3785,T-S 8J32.2,Legal document,"Monday, 8 Kislev 1463",Seleucid,1151-11-18
3787,T-S 8J32.5,Legal document,9 Elul 1533,Seleucid,1222-08-18
3789,T-S 8J32.7,Legal document,"Monday, 15 Iyyar 1538",Seleucid,1227-05-03
3790,T-S 8J32.8,Legal document,"Thursday, 4 Nisan 1341",Seleucid,1029-03
3796,T-S 8J34.1,Legal document,"Sunday, 20 Tammuz 1356",Seleucid,1045-07-07
3800,T-S 8J34.2,Legal document,1546,Seleucid,1234-08-26/1235-09-14
3802,T-S 8J34.6,Legal document,"Thursday, 20 Tammuz 1404",Seleucid,1093-07-17
3804,T-S 8J35.1,Legal document,Adar 1455,Seleucid,1144-02-07/1144-03-06
3805,T-S 8J35.10,Legal document,13[..],Seleucid,988/1087
3808,T-S 8J35.5,Legal document,"Monday, 14 Adar I 1464",Seleucid,1153-02-10
3846,T-S 8J39.2,Legal document,Iyyar 1535,Seleucid,1224-04-22/1224-05-20
3883,T-S Ar.30.284,List or table,Jumādā I–Jumādā II 393,Hijrī,1003-03-08/1003-05-05
3911,"Moss. VII,43 + T-S Ar.53.53",Legal document,Tammuz 1366,Seleucid,1055-07
3916,T-S Ar.54.69,Legal document,Middle third of Sivan 1514,Seleucid,1203
3951,CUL Add.2586,Legal document,21 Sivan 1544,Seleucid,1233
3953,CUL Add.3337,Legal document,first third of Ṭevet 1436,Seleucid,1124-12-09/1124-12-18
3954,CUL Add.3338.2,Legal document,"Monday, 8 Adar 1946",Seleucid,1635-02-26
3957,CUL Add.3339a,Legal document,middle decade of Adar 1528,Seleucid,1217-02-20/1217-02-29
3958,CUL Add.3339b,Legal document,"Thursday, 30 Kislev 1530",Seleucid,1218-12-20
3960,CUL Add.3341,Letter,Tevet 1531,Seleucid,1219-12/1220-01
3961,T-S 8J19.8 + CUL Add.3342,Letter,Nisan 1483,Seleucid,1172-03-28/1172-04-26
3968,CUL Add.3413,Legal document,"Thursday, 23 Ḥeshvan 1410",Seleucid,1098-10-21
3969,CUL Add.3415,Letter,24 Elul 4997,Anno Mundi,1237-09-15
3972,CUL Add.3422,Legal document,"Thursday, 6 Nisan 1409",Seleucid,1098-03-11
3973,CUL Add.3423,Legal document,"Monday, 18 Sivan 1486",Seleucid,1175-06-09
3979,CUL Or.1080 J138,Legal document,end of Kislev 1441,Seleucid,1129-11-15/1129-12-14
3981,CUL Or.1080 J142 + T-S Misc.25.53,Legal document,"Thursday, 17 Nisan 1483",Seleucid,1172
3987,CUL Or.1080 J156,Legal document,"Thursday, 4 Ṭevet 1453",Seleucid,1141-12-04
3992,T-S AS 147.170 + CUL Or.1080 J175,Legal document,1424,Seleucid,1112-09-23/1113-09-12
3994,CUL Or.1080 J183,Legal document,"Tuesday, 25 Shevat 1411",Seleucid,1100-02-07
3997,CUL Or.1080 J187,Legal document,1378,Seleucid,1066
4009,CUL Or.1080 J273,Legal document,"Tuesday, 1 Nisan 1537",Seleucid,1226-03-31
4011,CUL Or.1080 J49,Legal document,Middle ten days of Tishrei 1458,Seleucid,1146-09
4020,T-S 8.130 + CUL Or.1080 J93,Legal document,455,Hijrī,1063-01-04/1063-12-24
4026,CUL Or.1081 J40,Legal document,"Wednesday night, 29 Tishrei 1541",Seleucid,1229-09-18
4037,L-G Misc. 113,Legal document,Tammuz 4857,Anno Mundi,1097-06-14/1097-07-12
4039,L-G Misc. 125,Legal document,[13]35,Seleucid,1023/1024
4042,L-G Ar. II.33 + L-G Misc. 23,Legal document,1441,Seleucid,1129/1130
4044,L-G Misc. 49,Legal document,"Monday, 18 Adar 1409",Seleucid,1098-02-22
4068,T-S 12.531,Legal document,15 Kislev 1469,Seleucid,1157
4072,T-S 12.678,Legal document,1513,Seleucid,1201-09-01/1202-09-18
4076,T-S 16.117,Legal document,Av [14]9[.],Seleucid,1179-07-06/1188-08-25
4077,T-S 16.333,Legal document,last third of Tammuz 1410,Seleucid,1099-07-13/1099-07-21
4079,T-S 16.341,Legal document,Elul 1525,Seleucid,1214-08-08/1214-09-05
4082,ENA 3181.6 + T-S 16.34,Legal document,"Sunday, 7 Shevaṭ 1390",Seleucid,1079-01
4084,T-S 16.370,Legal document,"Sunday, 13 Nisan 4755",Anno Mundi,0995-03-17
4086,T-S 16.45,Legal document,"Thursday, 10 Tammuz 1343",Seleucid,1032-06-22
4088,T-S 16.56,Legal document,Kislev 1286,Seleucid,0974-11-18/0974-12-17
4090,T-S 16.67,Legal document,Tishri 1512,Seleucid,1200-09
4091,T-S 16.70,Legal document,1306,Seleucid,994/995
4094,T-S 16.87,Legal document,"Sunday, 21 Adar 1408",Seleucid,1097-05
4095,T-S 16.91,Legal document,13[..],Seleucid,0988-09-15/1088-09-18
4104,T-S AS 146.17,Legal query or responsum,13 Sivan 1542,Seleucid,1236-05
4105,T-S AS 146.18,Credit instrument or private receipt,1477,Seleucid,1165/1166
4107,T-S AS 146.1,Legal document,Kislev 1335,Seleucid,1023-11-17/1023-12-16
4110,T-S AS 146.2,Legal document,middle third of Tammuz 1555,Seleucid,1244-06-19/1244-06-28
4111,T-S AS 146.4,Legal document,1551,Seleucid,1240
4113,T-S AS 146.7,Legal document,Tammuz 1393,Seleucid,1082-06
4118,T-S AS 147.13,Legal document,"Thursday, 3 Kislev 1391",Seleucid,1079-10-31
4128,T-S AS 147.24,Legal document,4 Heshvan 4975,Anno Mundi,1214-10-09
4131,T-S AS 147.27,Legal document,Adar 1428,Seleucid,1117-03
4142,T-S AS 147.38,Legal document,first decade of Tammuz 1489,Seleucid,1178-06-18/1178-06-27
4143,T-S AS 147.3,Legal document,4974,Anno Mundi,1213-09-17/1214-09-05
4156,T-S AS 148.16,Legal document,144[.],Seleucid,1128/1138
4158,T-S AS 148.19,Legal document,1483,Seleucid,1171-09-02/1172-09-20
4159,T-S AS 148.1,Legal document,"Sunday, 28 Muḥarram 547",Hijrī,1152-05-05
4173,T-S AS 152.131 + T-S AS 149.16,List or table,19 Av 1515,Seleucid,1204-07-18
4183,T-S AS 150.12,Legal document,"Monday, 25 Sivan 1442",Seleucid,1131-06-22
4196,T-S AS 152.1,Legal document,1535,Seleucid,1223/1224
4202,T-S AS 153.2,List or table,4943,Anno Mundi,1182-08-31/1183-09-18
4205,T-S AS 165.250,Legal document,1438,Seleucid,1126-09-20/1127-09-07
4209,T-S Misc.24.137.1,Legal document,Last ten days of Shevat 1419,Seleucid,1108-02
4211,T-S Misc.24.137.4,Legal document,"Tuesday, 20 Shevat 1471",Seleucid,1160-01
4220,T-S Misc.8.65,List or table,449,Hijrī,1057
4231,T-S NS 184.60,Legal document,Adar 143[.],Seleucid,1119/1129
4241,T-S NS 226.10,Legal document,"Tuesday, 27 [...] 1431",Seleucid,1119/1120
4242,T-S NS 226.12,Legal document,Kislev 1529,Seleucid,1217-11
4247,T-S NS 308.114,Legal document,Middle third of Ḥeshvan 1478,Seleucid,1166-10-08/1166-10-17
4253,T-S NS 320.22 + CUL Or.1080 J121,Legal document,26 Sivan 14??,Seleucid,1108
4254,T-S AS 146.202 + T-S NS 320.23,Legal document,last third of Tammuz 1469,Seleucid,1158-06-18/1158-06-27
4265,T-S NS 320.7,List or table,Nisan 1437,Seleucid,1125/1126
4272,T-S NS 321.54,Legal document,"Sunday, 23 Av 1402",Seleucid,1091-08
4273,T-S NS 321.79 + T-S 13J4.5,Legal document,Tammuz 1543,Seleucid,1232
4286,T-S 12.464 + T-S NS 325.11 + T-S 16.168,Legal document,1403,Seleucid,1091/1092
4289,T-S NS J138,Legal document,Elul 1460,Seleucid,1149-08-07/1149-09-04
4290,T-S NS J150,Legal document,9th Sivan 1410,Seleucid,1099-06-01
4291,T-S NS J163,Legal document,Elul 1512,Seleucid,1201
4298,T-S NS J259,Legal document,8 Iyyar 1406,Seleucid,1095-04-16
4299,T-S NS J269,Legal document,"Monday, 4 Ṭevet 1378",Seleucid,1066-12-25
4311,T-S NS J299,Legal document,"Wednesday, 17 Adar 1536",Seleucid,1225-02-26
4314,T-S NS J30,Legal document,Adar II 1543,Seleucid,1232-02-23/1232-03-22
4318,T-S NS J33,Legal document,first decade of Av [1]549,Seleucid,1238-07-14/1238-07-23
4321,T-S NS J347,Legal document,1531,Seleucid,1219-09-12/1220-08-30
4339,T-S NS J51,Legal document,"Thursday, 26 Elul 1338",Seleucid,1027
4352,CUL Or.1080 J6,Legal document,Adar 1345,Seleucid,1034-03
4353,CUL Or.1080 J8,Legal document,Middle decade of Iyyar 1484,Seleucid,1173-04-26/1173-05-05
4452,T-S 16.287,Letter,15 Sivan 4968,Anno Mundi,1208-06-01
4480,CUL Or.1080 J170,Letter,23 Nisan [4810],Anno Mundi,1050-04-18
4522,ENA 1822a.65,List or table,922,Hijrī,1516
4609,T-S K15.15 + T-S K15.5 + T-S K15.39 + T-S K15.50,List or table,18 Marheshvan 1539,Seleucid,1107-11-05
4611,T-S K15.18,Letter,1647,Seleucid,1335-10
4613,T-S K15.25,List or table,Tevet 1553,Seleucid,1241-12-06/1242-01-03
4657,T-S NS J221,List or table,Tishrei 1531,Seleucid,1219-09
4666,T-S NS J293a + T-S NS J293b + T-S NS J293c + T-S NS J293d,List or table,1451,Seleucid,1139/1140
4688,T-S 16.181,Legal document,9 Adar 4693,Anno Mundi,0933-02-07
4738,T-S Misc.25.103,Letter,Elul 1458,Seleucid,1147-07-30/1147-08-27
4747,Bodl. MS heb. e 98/56,Legal document,1440,Seleucid,1128-08-28/1129-09-15
4748,Bodl. MS heb. f 56/51,Legal document,"Thursday, 21 Sivan 1496",Seleucid,1185-05-23
4749,Bodl. MS heb. f 56/58,Legal document,18 Tevet 1496,Seleucid,1184-12-24
4750,Bodl. MS heb. b 3/9,Legal document,7 Ḥeshvan 1643,Seleucid,1331-10-09
4752,Bodl. MS heb. e 94/18,Legal document,Elul 1470,Seleucid,1159-08-16/1159-09-13
4753,Bodl. MS heb. f 56/45 + Bodl. MS heb. f 56/46,Legal document,Tammuz 1493,Seleucid,1182-06-04/1182-07-02
4756,CAHJP 2588,Legal document,"Monday evening, 30 Kislev 1460",Seleucid,1148
4757,"AIU VII.D.110 + CUL Or.1081 J34 + Moss. VII,65.1 + ENA 4011.14",Legal document,last decade of Tishrei 1438,Seleucid,1126-10-10/1126-10-19
4764,NLI 577.4/41,Legal document,"Sunday, 4 Nisan 1552",Seleucid,1241
4769,PER H 20,Legal document,17 Heshvan 1483,Seleucid,1171-10-18
5210,JRL Series B 3857,Legal document,Sivan 1367,Seleucid,1056-05-17/1056-06-15
5235,JRL Series B 3476 + JRL Series B 3475,Legal document,1407,Seleucid,1095-09-03/1096-09-19
5240,JRL Series B 3858,Legal document,Shevat 1493,Seleucid,1182-01-07/1182-02-05
5243,JRL SERIES B 2490,Legal document,Tammuz 1536,Seleucid,1125-06-04/1125-07-02
5262,ENA 2559.12,Legal document,17 Adar II 1597,Seleucid,1286-03-15
5268,Bodl. MS heb. d 66/78,Legal document,27 Tammuz 1472,Seleucid,1161-07-23
5279,T-S 12.698,Legal document,4980,Anno Mundi,1219-09-12/1220-08-30
5281,T-S 13J19.23,Letter,5 Nisan 1453,Seleucid,1142-04-02
5286,T-S 16.305,Letter,Adar 1528,Seleucid,1217-02/1217-03
5310,T-S K25.240.13,Credit instrument or private receipt,2 Iyyar 1529,Seleucid,1218
5319,T-S K25.240.24,Credit instrument or private receipt,Pesaḥ 1529,Seleucid,1218-04-12
5335,Bodl. MS heb. a 3/16,Legal document,1551,Seleucid,1239
5340,Bodl. MS heb. d 66/64 + Bodl. MS heb. d 66/65,Legal document,"Monday, 8 Iyyar 1409",Seleucid,1098-04-12
5342,Bodl. MS heb. d 66/66,Legal document,"Wednesday, 18 Elul 1409",Seleucid,1098-08-18
5344,ENA 2558.14,Legal document,25 Av 1538,Seleucid,1227-08-09
5346,ENA 2594.8,Legal document,23 [Elul] 1412,Seleucid,1101-08-17
5353,"Moss. V,374",Legal document,17 Sivan 1410,Seleucid,1099-06-09
5357,T-S 16.146 + T-S 12.176,Legal document,Tammuz 1454,Seleucid,1143-06-15/1143-06-25
5361,T-S 8J5.5,Legal document,5 Tammuz 1415,Seleucid,1104-06-30
5362,T-S 8J9.2 + T-S 8J9.2–3,Legal document,Iyyar 1414,Seleucid,1103-04
5381,T-S NS 324.46,Legal document,1418,Seleucid,1106-09-01/1107-09-18
5384,CUL Add.3414.1 + CUL Add.3414.2,Legal document,"Monday, 12 Tammuz 1409",Seleucid,1098-06-14
5386,CUL Add.3416,Legal document,3rd Nissan 1409,Seleucid,1098-03-08
5387,CUL Add.3416,Legal document,3rd Nissan 1409,Seleucid,1098-03-08
5388,CUL Add.3421 + CUL Add.3418,Legal document,"Monday, 2 Kislev 1409",Seleucid,1097-11-09
5389,CUL Add.3420.1,Legal document,18th Adar 1409,Seleucid,1098-02-22
5391,CUL Or.1080 J58,Legal document,"Thursday, 27 Nisan 1406",Seleucid,1095-04-05
5393,CUL Add.3420.2,Legal document,Monday 15th Iyyar 1409,Seleucid,1098-04-19
5445,PER H 161,Letter,Adar I [1]467,Seleucid,1156
5452,T-S 20.130,Letter,526,Hijrī,1131-11-23/1132-11-11
5459,T-S 28.11,Letter,17 Tammuz 1513,Seleucid,1202
5499,NLI 577.3/6,Letter,Av 1459,Seleucid,1148-07-19/1148-08-17
5501,IOM D 55.10,Legal document,6 Marḥeshvan 1444,Seleucid,1132-10-17
5512,T-S 10J10.15,Letter,7 Tishri 1461,Seleucid,1149-09-11
5591,Bodl. MS heb. b 12/25,Letter,Kislev 1274,Seleucid,0962-10-31/0962-11-29
5593,Bodl. MS heb. b 3/1,Legal document,"Sunday, 25 Nisan 4812",Anno Mundi,1052-03-29
5600,Bodl. MS heb. c 13/22,Legal document,"Thursday, 27 Nisan 1339",Seleucid,1028-04-25
5612,Bodl. MS heb. d 66/121,Legal document,"Monday, 15 Shevaṭ 4788",Anno Mundi,1028-01-15
5636,Bodl. MS heb. f 56/16,Legal document,Middle ten days of Elul 1440,Seleucid,1129-08-28/1129-09-07
5643,CUL Add.3416,Legal document,5th Kislev 1409,Seleucid,1097-11-12
5647,CUL Or.1080 5.14,Legal document,"Tuesday, 6 Iyyar 4836",Anno Mundi,1076-04-12
5696,ENA 4010.2,Legal document,"Monday, 12 Sivan 1347",Seleucid,1036-06-07
5748,"Moss. Ia,5",Letter,Kislev 1349,Seleucid,1037-12
5880,T-S 12.829,Letter,26 Adar 1318,Seleucid,1007-02-16
5902,T-S 13J26.9,Letter,10 Elul 444,Hijrī,1052-08-09
5915,T-S 13J9.1,Letter,Tammuz [1]347,Seleucid,1036-06-27/1036-07-25
5919,T-S 18J1.10,Legal document,"Thursday, 17 Tammuz 1383",Seleucid,1072-07-05
5920,T-S 18J1.8,Legal document,7 Nisan 4815,Anno Mundi,1055-04-07
5923,T-S 18J4.13,Letter,20 Shevat 1565,Seleucid,1254-01-10
5930,T-S 20.38,Legal document,"Tuesday, 21 Adar II 1377",Seleucid,1066-03-21
5932,T-S 20.9,Legal document,"Monday, 12 Ṭevet 1358",Seleucid,1046-12-15
5933,T-S 24.40,List or table,452,Hijrī,1060-02-06/1061-01-25
5980,T-S 8J39.9,Letter,Ḥeshvan 1310,Seleucid,998
5981,T-S 8J4.14,Legal document,Kislev 1410,Seleucid,1098-11
5985,T-S 8Ja2,Legal document,Adar 4794,Anno Mundi,1034-01-23/1034-02-21
6000,T-S Ar.30.144,List or table,447/449,Hijrī,1055-04-02/1056-03-20
6024,T-S AS 148.49,Letter,Elul 1282,Seleucid,0971-08-25/0971-09-22
6037,T-S J1.1,List or table,449/450,Hijrī,1057-03-10/1058-02-27
6044,T-S K15.89,List or table,442,Hijrī,1050-05-26/1051-05-14
6058,T-S Misc.27.4.5,Letter,Tishrei 444,Hijrī,1052-08-29/1052-09-27
6060,T-S Misc.28.235,Letter,18 Iyyar [4829],Anno Mundi,1069-05-12
6078,T-S NS 298.6 + ENA 4012.1 + BL OR 5552.4–4a,Literary text,1352,Seleucid,1040-09-11/1041-08-30
6098,T-S NS 83.3,List or table,440,Hijrī,1048-06-16/1049-06-04
6101,T-S NS J127,List or table,449,Hijrī,1057-03-10/1058-02-27
6178,T-S 8J4.3 + T-S 13J5.1 + AIU VII.D.4,Legal document,25 Shevaṭ 1339,Seleucid,1027-02-05
6184,BL OR 5524.1,Legal document,"Tuesday, 20 Shevaṭ 4810",Anno Mundi,1050-01-16
6185,BL OR 5524.2,Legal document,"Tuesday, 11 Ḥeshvan 1409",Seleucid,1097-10-20
6186,BL OR 5524.3,Legal document,"Sunday, 24 Tammuz 1439",Seleucid,1128-06-24
6187,BL OR 5524.4,Legal document,"Monday, 16 Tammuz 1458",Seleucid,1147-06-16
6188,BL OR 5524.5,Legal document,"Thursday, 20 Av 1473",Seleucid,1162-08-02
6189,BL OR 5524.6,Legal document,"Tuesday, 9 Ḥeshvan 1475",Seleucid,1163-10-08
6190,BL OR 5524.7,Legal document,"Sunday, 9 Shevaṭ 1475",Seleucid,1164-01-05
6191,BL OR 5524.8,Legal document,"Tuesday, 26 Av 1484",Seleucid,1173-08-07
6198,BL OR 5536.1,Legal document,18 Shevaṭ 1326,Seleucid,1015-01-11
6199,BL OR 5536.2,Legal document,"Tuesday, 27 Nisan 1468",Seleucid,1157-04-09
6200,BL OR 5536.3,Legal query or responsum,575,Hijrī,1179-06-08/1180-05-27
6205,BL OR 5542.1,Legal document,3 Kislev 5438,Anno Mundi,1677-11-28
6207,BL OR 5542.3,Legal document,Middle decade of Kislev 1473,Seleucid,1161-12
6208,BL OR 5542.4,Legal document,"Monday, 2 Iyyar 1398",Seleucid,1087-04-09
6214,BL OR 5542.11,Letter,Tevet 1570,Seleucid,1258-11-29/1258-12-27
6229,BL OR 5543.2,Legal document,1 Elul 5480,Anno Mundi,1720-09-04
6230,BL OR 5543.3,Legal document,21 Heshvan 5510,Anno Mundi,1749-11-02
6232,BL OR 5544.5,Letter,Tishrei 1428,Seleucid,1116
6235,BL OR 5547.1,Legal document,467-04,Hijrī,1074-08-27/1075-08-15
6241,BL OR 5549.9,List or table,14 Iyar 5586,Anno Mundi,1826-05-21
6249,BL OR 5561B.2 + BL OR 5561B.3,Legal document,"Tuesday, 17 Sivan 1475",Seleucid,1164-06-09
6255,BL OR 5566B.2,Legal document,Rajab 488,Hijrī,1095-07-07/1095-08-05
6259,BL OR 5566B.9,Legal document,1401,Seleucid,1089-09-08/1090-08-28
6270,BL OR 5566B.26,Letter,Adar I 1529,Seleucid,1218
6292,BL OR 5566D.6,Letter,1452-03-08,Seleucid,1141-05-16
6313,BL OR 10588.3,Legal document,Kislev 1466,Seleucid,1154-11
6317,Bodl. MS heb. a 2/1,Legal document,24 Sivan 1313,Seleucid,1002-06-07
6318,Bodl. MS heb. a 2/2,Legal document,Thursday 5 Elul 4750,Anno Mundi,0990-08-28
6320,Bodl. MS heb. a 2/6,Legal document,Sivan 1438,Seleucid,1127
6321,Bodl. MS heb. a 2/7,Legal document,middle third of Iyyar 1414,Seleucid,1103-04-21/1103-04-30
6323,Bodl. MS heb. a 2/23,Legal document,"Wednesday, 14 Iyyar 4810",Anno Mundi,1050-05-09
6324,Bodl. MS heb. a 3/7,Legal document,10th Marḥeshvan 1437,Seleucid,1125-10-09
6325,Bodl. MS heb. a 3/15,Letter,20th day of the Omer 1545,Seleucid,1234-04-05
6329,Bodl. MS heb. a 3/38,Legal document,"Wednesday, 5 Shevaṭ 1378",Seleucid,1067-01-24
6331,Bodl. MS heb. a 3/40,Legal document,27 Sivan 1439,Seleucid,1128
6332,Bodl. MS heb. a 3/43,Legal document,"Thursday, 25 Ḥeshvan 1371",Seleucid,1059-11
6334,Bodl. MS heb. a 3/45,Legal document,1345,Seleucid,1033-08-28/1034-09-15
6335,Bodl. MS heb. a 3/46,Legal document,13 Tishrei 1608,Seleucid,1296-09-11
6336,Bodl. MS heb. b 3/2,Legal document,Ṭevet 1392,Seleucid,1080-12-15/1081-01-12
6337,Bodl. MS heb. b 3/3,Legal document,Adar 1430,Seleucid,1119-02-14/1119-03-14
6338,Bodl. MS heb. b 3/4,Legal document,Adar I 1464,Seleucid,1153-01-28/1153-02-26
6343,Bodl. MS heb. b 3/13,Legal document,"Friday, 9 Nisan 1688",Seleucid,1377-03-20
6347,Bodl. MS heb. b 11/23,Legal document,first third of Av 1465,Seleucid,1154-07-11/1154-07-12
6348,Bodl. MS heb. b 11/34,Legal document,1374,Seleucid,1062/1063
6349,Bodl. MS heb. b 11/35,Legal document,Tevet 1468,Seleucid,1156-12-16/1157-01-13
6350,Bodl. MS heb. b 11/36,Legal document,last decade of Ḥeshvan 1465,Seleucid,1153-11-10/1153-11-18
6351,Bodl. MS heb. b 12/1,Legal document,"Monday, 1 Ḥeshvan 1445",Seleucid,1133-10-02
6353,Bodl. MS heb. b 12/3,Legal document,"Wednesday, 10 Adar 1810",Seleucid,1499-02-20
6354,Bodl. MS heb. b 12/4,Legal document,6th of Nisan 1413,Seleucid,1102-03-27
6355,Bodl. MS heb. b 12/6 + Bodl. MS heb. b 12/29,Legal document,11 Av 1270,Seleucid,959-07-19
6361,Bodl. MS heb. b 12/12,Legal document,"Friday, 6 Ṭevet 5211",Anno Mundi,1450-12-11
6363,Bodl. MS heb. b 12/14,Legal document,"Monday, 28 Kislev 1370",Seleucid,1058-12-17
6373,Bodl. MS heb. b 12/24,Legal document,Shevaṭ 1332,Seleucid,1020
6374,Cod.Heid.Or.?? + Bodl. MS heb. b 12/26,Legal document,13 Tishrei 1406,Seleucid,1094-09-26
6379,Bodl. MS heb. b 12/8,Legal document,Sivan 1525,Seleucid,1214
6386,Bodl. MS heb. b 12/20,Legal document,Tammuz 1411,Seleucid,1100
6389,Bodl. MS heb. b 12/28,Legal document,1367,Seleucid,1055/1056
6390,Bodl. MS heb. b 12/30,Legal document,first third of Iyyar 1414,Seleucid,1103-04-11/1103-04-20
6392,Bodl. MS heb. b 12/32,Legal document,Last third of Tammuz 1505,Seleucid,1194
6393,Bodl. MS heb. b 13/36,Legal document,"Tuesday, 16 Iyyar 1359",Seleucid,1048-05-03
6394,Bodl. MS heb. b 13/37,Legal document,Adar II 1396,Seleucid,1085
6395,Bodl. MS heb. b 13/39,Legal document,middle third of Kislev 1487,Seleucid,1175-11-26/1175-12-05
6396,Bodl. MS heb. b 13/40,Legal document,Nisan 1488,Seleucid,1177
6397,Bodl. MS heb. b 13/42,Legal document,21 Ṭevet 1327,Seleucid,1016-01-05
6404,Bodl. MS heb. c 13/1,Legal document,First third of Kislev 1436,Seleucid,1124-11
6416,Bodl. MS heb. c 28/1,Legal document,5 Kislev 1519,Seleucid,1207
6418,Bodl. MS heb. c 28/3,Legal document,First decade of Kislev 1462,Seleucid,1150-11-22/1150-12-01
6419,Bodl. MS heb. c 28/4,Legal document,Monday 4 Kislev 1437,Seleucid,1125-11-02
6420,Bodl. MS heb. c 28/5,Legal document,"Monday, 11 Kislev 1372",Seleucid,1060
6421,Bodl. MS heb. c 28/7,Legal document,last decade of Shevaṭ 1459,Seleucid,1148-01-14/1148-01-23
6427,Bodl. MS heb. c 28/28,Letter,12 Ḥeshvan 1462,Seleucid,1150-10-03
6428,Bodl. MS heb. c 28/29,Legal document,"Monday, 3 Nisan [47]88",Anno Mundi,1028-04-01
6429,Bodl. MS heb. c 28/30,Legal document,2[.] Ḥeshvan 1352,Seleucid,1040-10-30/1040-11-08
6430,Bodl. MS heb. c 28/32,Legal document,Ṭevet 1388,Seleucid,1076-11-30/1076-12-28
6432,Bodl. MS heb. c 28/48,Legal document,Elul 1350,Seleucid,1039-08-24/1039-09-21
6438,Bodl. MS heb. c 28/68,Legal document,last third of Ḥeshvan 1437,Seleucid,1125-10-20/1125-10-29
6444,Bodl. MS heb. d 65/1,Legal document,Nisan 1380,Seleucid,1069-03-26/1069-04-24
6448,Bodl. MS heb. d 65/13,Legal document,Ṭevet 4957,Anno Mundi,1196-11-24/1196-12-22
6452,Bodl. MS heb. d 65/21,Legal document,1467,Seleucid,1155/1156
6453,Bodl. MS heb. d 65/34,Legal document,20 Kislev 1550,Seleucid,1238-11-29
6454,Bodl. MS heb. d 65/43,Legal document,Nisan 1145,Seleucid,1145-03-27/1145-04-25
6455,Bodl. MS heb. d 65/44,Legal document,Tevet 1529,Seleucid,1217/1218
6456,Bodl. MS heb. d 66/10,Legal document,"Thursday, 26 Elul 1386",Seleucid,1075-09
6457,Bodl. MS heb. d 66/11,Legal document,Tammuz 1456,Seleucid,1145-06-24/1145-07-22
6461,Bodl. MS heb. d 66/46,Legal document,1410,Seleucid,1098-08-30/1099-09-18
6464,Bodl. MS heb. d 66/53,Legal document,24 Sivan 1541,Seleucid,1230-06-06
6465,T-S 13J1.5,Legal document,1336,Seleucid,1024-09-07/1025-08-27
6469,Bodl. MS heb. d 66/92,Legal document,29 Marḥeshvan 1541,Seleucid,1229-10-18
6470,Bodl. MS heb. d 66/94,Legal document,First decade of Ḥeshvan 1493,Seleucid,1181-10-12/1181-10-21
6479,Bodl. MS heb. d 66/133,Legal document,6 Nisan 1396,Seleucid,1085-04-03
6481,Bodl. MS heb. d 66/136,Legal document,14th of Av 1557,Seleucid,1246-07-29
6484,Bodl. MS heb. d 68/99,Legal document,"Sunday, 11 Tammuz 4912",Anno Mundi,1152-06-15
6489,Bodl. MS heb. d 75/11,Legal document,25 Tishrei 1396,Seleucid,1084-09-27
6490,Bodl. MS heb. d 75/12,List or table,443,Hijrī,1051-05-15/1052-05-02
6497,Bodl. MS heb. d 80/42,Legal document,Elul 1446,Seleucid,1135-08-12/1135-09-09
6520,Bodl. MS heb. f 22/39,Legal document,Tammuz 1473,Seleucid,1162-06-15/1162-07-13
6535,Bodl. MS heb. f 56/45 + Bodl. MS heb. f 56/46,Legal document,Nisan 1493,Seleucid,1182-03-07/1182-04-05
6538,Bodl. MS heb. f 56/49,List or table,Ḥeshvan 1498,Seleucid,1186-10-16/1186-11-13
6539,Bodl. MS heb. f 56/50,List or table,1493,Seleucid,1181-09-12/1182-08-30
6542,Bodl. MS heb. f 56/55,Legal document,Nisan 1497 – Tishrei 1498,Seleucid,1186
6543,Bodl. MS heb. f 56/56,Legal document,1498,Seleucid,1186/1187
6546,Bodl. MS heb. f 56/62,Legal document,"Tuesday, 4 Shevaṭ 1496",Seleucid,1185-01-08
6550,Bodl. MS heb. f 103/41,Legal document,27 Kislev 1471,Seleucid,1159-12-09
6564,DK 231.4 (alt: XX),List or table,"Thursday, 3 Nisan 1540",Seleucid,1229-03-29
6577,Halper 335,Legal document,"Sunday, 9 Nisan 1352",Seleucid,1041-03-15
6581,Halper 346,Legal document,Iyyar-Tammuz 1475,Seleucid,1164
6582,Halper 347,Legal document,1543-08,Seleucid,1232-05
6583,Halper 349,Legal document,1695,Seleucid,1383-08-29/1384-09-16
6592,ENA 2558.10,Letter,"Sunday, 17 Tammuz 4918",Anno Mundi,1158-06-15
6593,ENA 2558.14,Legal document,1 Elul 1538,Seleucid,1227-08-22
6594,ENA 2559.13,Legal document,middle decade of Iyyar 1528,Seleucid,1217-04-20/1217-04-29
6621,ENA 2558.1 + ENA 4011.46,Legal document,Last decade of Kislev 1438,Seleucid,1126-12
6622,ENA 2558.2,Letter,26 Adar 1530,Seleucid,1219
6623,ENA NS 16.17 + ENA 2558.3,Legal document,Tammuz 1452,Seleucid,1141-06-08/1141-07-06
6624,ENA 2558.4,Legal document,first decade of Iyyar 1447,Seleucid,1136-04-04/1136-04-13
6628,ENA 2559.2,Legal document,Iyar 1510–29,Seleucid,1199/1218
6677,ENA 2738.12,Letter,23 Tishrei 1541,Seleucid,1229
6683,ENA 2738.35,Legal document,1480,Seleucid,1169
6702,Bodl. MS heb. b 13/38 + ENA 2805.15,Legal document,"Wednesday, 28 Tishrei 1406",Seleucid,1094-10-11
6748,ENA 3738.1,List or table,14 Heshvan 5300,Anno Mundi,1539-10-26
6758,ENA 3770.5,List or table,441,Hijrī,1049-06-05/1050-05-25
6759,ENA 3770.6,List or table,441,Hijrī,1049-06-05/1050-05-25
6784,ENA 4010.7 + ENA NS 19.14,Legal document,1406,Seleucid,1094/1095
6790,ENA 4010.14,Legal document,20 Shevaṭ 1354,Seleucid,1043-02-03
6793,ENA 4010.19,Legal document,4849,Anno Mundi,1088-09-19/1089-09-07
6795,ENA 4010.23,Legal document,last decade of Tishrei 4991,Anno Mundi,1230-09-29/1230-10-08
6798,ENA 4010.26,Legal document,1356,Seleucid,1044-08-27/1045-09-13
6801,ENA 4010.30,Legal document,1369,Seleucid,1057/1058
6803,ENA 4010.35 + ENA 4196.15,Paraliterary text,1357–59,Seleucid,1045/1048
6809,ENA 4010.48,Legal document,Nisan [13]34,Seleucid,1023
6817,ENA 4011.8,Letter,1453,Seleucid,1141-09-04/1142-09-21
6821,ENA 4011.13,Legal document,[14]41,Seleucid,1129/1130
6822,ENA 4011.19,Legal document,Ḥeshvan 1435,Seleucid,1123
6823,ENA 4011.22,Legal document,1474,Seleucid,1162/1163
6826,ENA 4011.27,Legal document,"Monday, 5 Adar 4920",Anno Mundi,1160-02-14
6827,ENA 4011.34,Letter,last day of Dhū l-Qaʿda 544,Hijrī,1150-03-30
6830,ENA 4011.38,Legal document,Ṭevet 1559,Seleucid,1247/1248
6832,ENA 4011.30,Legal document,"Sunday, 12 Elul 4931",Anno Mundi,1171-08-15
6833,ENA 4011.41,Legal document,1425,Seleucid,1113-09-13/1114-09-02
6834,ENA 4011.43,Legal document,Approximately 15 weeks prior to Ḥeshvan 1451,Seleucid,1139
6844,ENA 4011.63,Legal document,1463,Seleucid,1151-09-13/1152-08-31
6846,ENA 4011.70,Literary text,"Tuesday, 18 Ḥeshvan 4878",Anno Mundi,1117-10-16
6852,ENA 4020.14,Legal document,17th Shevat 1411,Seleucid,1100-01-30
6853,ENA 4020.15,Legal document,2[.] Ṭevet 4874,Anno Mundi,1113-12-31/1114-01-09
6858,ENA 4020.26,Legal document,middle decade of Iyyar 1452,Seleucid,1141-04-20/1141-04-29
6863,ENA 4020.31,Legal document,Adar 1451,Seleucid,1140
6865,ENA 4020.39,Legal document,1467,Seleucid,1155-08-30/1156-09-16
6869,ENA 4020.47,Legal document,Monday 26 Ḥeshvan 1403,Seleucid,1091
6876,ENA 4020.57,Legal document,"Tuesday, 8 Ṭevet 4861",Anno Mundi,1100-12-11
6877,ENA 4020.58,Letter,Kislev 1442,Seleucid,1130-11-04/1130-12-02
6880,ENA 4020.63,Legal document,1441,Seleucid,1129/1130
6886,ENA 4100.9c,Legal document,"Monday, 25 Jumādā I 423",Hijrī,1032-05-09
6892,ENA 4101.18a,Literary text,last decade of Iyyar 4906,Anno Mundi,1146-05-04/1146-05-13
6913,ENA NS 7.24,Legal document,Ḥeshvan–Kislev 1339,Seleucid,1027/1028
6915,ENA NS 18.1,Legal document,"Wednesday, 15 Ṭevet 4837",Anno Mundi,1076-12-14
6917,ENA NS 18.3,Legal document,middle decade of Nisan 1424,Seleucid,1113-03-30/1113-04-08
6921,ENA NS 18.8,Legal document,4840,Anno Mundi,1079-08-31/1080-09-16
6925,T-S 16.87 + ENA NS 18.22,Legal document,"Wednesday, 24 [month] [year]",Seleucid,1097-03
6944,Yevr.-Arab. II 1367,Legal document,27 Tammuz 1613,Seleucid,1302-07-24
6945,Yevr.-Arab. II 1385,Legal document,11 Ṣafar 699,Hijrī,1299-11-07
6946,Yevr.-Arab. II 1411,Legal document,23 Ṣafar 853,Hijrī,1449-04-17
6947,Yevr.-Arab. II 1412,Legal document,Monday 3 Iyyar 1740,Seleucid,1429-04-07
6950,"Moss. VII,11",Legal document,12 Iyyar 4975,Anno Mundi,1215-04-13
6952,"Moss. VII,18",Legal document,28 Tevet 1579,Seleucid,1268-01-16
6953,"Moss. VII,34",Legal document,"Friday, 1 Adar 4811",Anno Mundi,1051-02-15
6956,"Moss. Ia,9",Legal document,"Sunday, 29 Elul 1318",Seleucid,1007-09-14
6982,"Moss. IIIa,10",Letter,5–10 Adar II 1535,Seleucid,1224-02-27/1224-03-03
7022,PER H 17.1,Legal document,4717,Anno Mundi,0956-09-08/0957-08-28
7025,PER H 23,Legal document,first third of Sivan 1437,Seleucid,1126-05-25/1126-06-05
7029,PER H 82,Legal document,"Thursday, 20 Iyar 4758 or 4768",Anno Mundi,0998-05-19
7032,PER H 90,Legal document,"Monday, last decade of Shevaṭ 1461",Seleucid,1150-01
7033,PER H 91,Legal document,Tammuz 1467,Seleucid,1156-07
7034,PER H 93,Legal document,"Saturday, 6 Av 1506",Seleucid,1195-07-15
7042,p. Heid. Hebr. 14,Legal document,Muḥarram 479,Hijrī,1086-04-18/1086-05-17
7078,T-S 8.89,Legal document,Ḥeshvan 136[.],Seleucid,1048/1057
7084,T-S 8.109,Legal document,1328,Seleucid,1016-09-06/1017-09-23
7093,T-S 8.131,Legal document,"Thursday, 7 Av 1443",Seleucid,1132-07-21
7094,T-S 8.132,Legal document,[14]14,Seleucid,1102-09-15/1103-09-04
7096,T-S 8.142,Legal document,Sivan 4856,Anno Mundi,1096-05-25/1096-06-23
7098,T-S 8.148,Legal document,4761–68,Anno Mundi,0999-09-14/1008-09-03
7101,T-S 8.154,Legal document,20 Adar 4812,Anno Mundi,1052-02-24
7102,T-S 8.159,Legal document,Adar I 1337,Seleucid,1026-01-22/1026-02-20
7113,T-S 8.203,Legal document,28 Ṭevet 1448,Seleucid,1136
7114,T-S 8.208,Legal document,Sivan 1438,Seleucid,1127
7125,T-S 8.254 + T-S 8.248,Legal document,23 Av 1391,Seleucid,1080-08-11
7126,T-S 8.251,Legal query or responsum,Sivan 1391,Seleucid,1080-05-22/1080-06-20
7129,T-S 8.268 + T-S 8.269,Legal document,48[..],Anno Mundi,1039/1140
7132,T-S 8.274,Legal document,1 Ṭevet 1457,Seleucid,1145-12-18
7140,T-S 12.60,Legal document,Sivan 1491,Seleucid,1180-05-27/1180-06-25
7141,T-S 12.62,Legal document,28 Adar II 1535,Seleucid,1224-03
7147,T-S 12.88,Legal document,Middle decade of Ṭevet 1441,Seleucid,1129-12-25/1130-01-03
7150,T-S 12.120,Legal document,Nisan–Iyyar 1341,Seleucid,1120-04
7151,T-S 12.121,Legal document,10 Nisan 1554,Seleucid,1243-04-02
7154,T-S 12.139 + ENA NS 3.26 + T-S 12.653,Legal document,1444,Seleucid,1132/1133
7155,T-S 12.140,Legal document,Nisan 1456,Seleucid,1145
7158,T-S 12.150,Legal document,"Monday, 26 Nisan 4765",Anno Mundi,1005-04-09
7159,T-S 12.155,Legal document,Adar 1324,Seleucid,1013
7164,T-S 12.161,Legal document,1284,Seleucid,972
7166,T-S 12.166,Legal document,1503,Seleucid,1191-09-21/1192-09-09
7167,T-S 12.167,Legal document,1339,Seleucid,1027/1028
7169,T-S 12.174,Legal document,Ḥeshvan 1450,Seleucid,1138
7171,T-S 12.180,Legal document,1349,Seleucid,1037-09-13/1038-09-01
7223,T-S 12.440,Legal document,"Thursday, 13 Nisan 15[..]",Seleucid,1189/1288
7229,T-S 12.457,Legal document,"Thursday, 5 Nisan 146[9]",Seleucid,1158-03-06
7235,T-S NS J20 + T-S AS 168.232 + T-S AS 159.199 + T-S 12.477,Legal document,"Thursday, 1 Tammuz 4940",Anno Mundi,1180-06-26
7237,T-S 12.482,Legal document,"Tuesday night, 22 Kislev 1435",Seleucid,1123-12-12
7241,T-S 12.490,Legal document,16 Sivan 4920,Anno Mundi,1160-05-23
7243,T-S 12.500,Legal document,"Friday, 7 Nisan 1409",Seleucid,1098
7245,T-S 12.502 + T-S 12.82 + T-S 12.553,Legal document,Av 1434,Seleucid,1123
7247,T-S 12.505,Legal document,Elul 1405,Seleucid,1094
7248,T-S 12.514,Legal document,"Monday, 6 Shevaṭ 4716",Anno Mundi,0956-01-21
7251,T-S 12.523,Legal document,"Tuesday, 4 Shevaṭ 4850",Anno Mundi,1090-01-08
7255,T-S 12.530,Legal document,"Sunday, 13 Ṭevet 1416",Seleucid,1105-01-01
7258,T-S NS 264.27 + T-S AS 145.360 + T-S NS 224.181 + T-S 12.537,Legal document,"Sunday, 20 Sivan 1609",Seleucid,1298
7268,T-S 12.565,Legal document,Tishrei 1556,Seleucid,1144
7269,T-S 12.567 + T-S 8J35.9,Legal document,1444,Seleucid,1132-09-12/1133-09-01
7271,T-S 12.570,Legal document,10 Shevat (48)43,Anno Mundi,1083-01-10
7275,T-S 12.579,Legal document,Kislev 4787,Anno Mundi,1026-11-13/1026-12-12
7276,T-S 12.580,Legal document,Adar 1368,Seleucid,1057-02-08/1057-03-08
7280,T-S 12.587,Legal document,First decade of Tammuz 1489,Seleucid,1178-06
7281,T-S 12.592,Legal document,4693,Anno Mundi,0932-09-03/0933-09-22
7282,T-S 12.594,Legal document,Shevaṭ 1455,Seleucid,1144-01-08/1144-02-06
7286,T-S 12.605,Legal document,1457,Seleucid,1145/1146
7290,T-S 12.616 + Halper 360,Legal document,1412,Seleucid,1100/1101
7293,T-S 12.620,Legal document,Sivan 5001,Anno Mundi,1241-06-01/1241-06-10
7297,T-S 12.629,Legal document,1433,Seleucid,1121/1122
7299,T-S 12.631,Legal document,"Last decade of Ṭevet, 1424",Seleucid,1113
7309,T-S 12.651,Legal document,Middle third of Shevaṭ 1441,Seleucid,1130
7310,T-S 12.652,Letter,561,Hijrī,1165-11-07/1166-10-27
7317,T-S 12.664,Legal document,1533,Seleucid,1221-09-18/1222-09-07
7320,T-S 12.670,Legal document,1 Tevet 1540,Seleucid,1228-12-06
7324,T-S 12.675,Legal document,22 Elul 1304,Seleucid,993-09-11
7326,T-S 12.676,Legal document,"Wednesday, 13 Ṭevet 1374",Seleucid,1062-12-18
7328,T-S 12.681,Legal document,1410,Seleucid,1098/1099
7330,T-S 12.683,Legal document,1448,Seleucid,1136/1137
7331,T-S 12.685,Legal document,[13]77,Seleucid,1065/1066
7335,T-S 12.707,Legal document,Last decade of Iyyar 1438,Seleucid,1127
7336,T-S 12.710,Letter,"Thursday, 24 Tammuz 1298",Seleucid,987-06
7341,T-S 12.762,Legal document,1453,Seleucid,1141/1142
7354,T-S 16.1,Legal document,"Tuesday, 19 Elul 1400",Seleucid,1089-08-28
7356,T-S 16.5,Legal document,"Thursday, 5 Tammuz 1387",Seleucid,1076-06-09
7364,T-S 16.35,Legal document,Kislev 1430,Seleucid,1118-11-17/1118-12-16
7369,T-S 16.51,Legal document,last third of Ḥeshvan 1441,Seleucid,1129-11-05/1129-11-14
7370,T-S 16.52,Legal document,"Thursday, 17 Ṭevet 1436",Seleucid,1124-12-25
7371,T-S 16.57,Legal document,middle third of Ṭevet 1432,Seleucid,1120-12-04/1120-12-13
7372,T-S 16.60,Legal document,"Tuesday, 24 Nisan 1294",Seleucid,0983-04-09
7374,T-S 16.65,Legal document,First decade of Kislev 1429,Seleucid,1117
7376,T-S 16.71,Legal document,4[8]44,Anno Mundi,1083-09-16/1084-09-02
7381,T-S 16.79,Legal document,Wednesday 11 Kislev 1362,Seleucid,1050-11-28
7384,T-S AS 153.340 + T-S 16.82,Legal document,[13]99,Seleucid,1087-09-02/1088-09-18
7391,T-S 16.90,Legal document,1 Shevaṭ 1415,Seleucid,1103-12-31
7395,T-S 16.105,Legal document,"Friday, 13 Nisan 129[7]",Seleucid,986-03
7397,T-S 16.107,Legal document,[13]19,Seleucid,1107/1108
7399,T-S 16.110,Legal document,"Friday, 3 Ṭevet 5581",Anno Mundi,1820-12-08
7401,T-S 16.112,Legal document,5294,Anno Mundi,1533-09-20/1534-09-09
7402,T-S 16.113,Legal document,2[.] Kislev 5327,Anno Mundi,1566-12-02/1566-12-12
7406,T-S 16.119,Legal document,Middle decade of Elul 1432,Seleucid,1121
7409,T-S 16.126,Legal document,last third of Ḥeshvan 4965,Anno Mundi,1204-10-17/1204-10-25
7412,T-S 16.140,Legal document,Adar II 1432,Seleucid,1121-02-21/1121-03-21
7415,T-S 16.144,Legal document,4th Elul 1420–29,Seleucid,1109/1118
7416,T-S 16.147,Legal document,"Sunday, 19 Sivan 1446",Seleucid,1135
7417,"T-S 16.148 + Moss. VII,4.2",Legal document,27 Iyyar 4846,Anno Mundi,1086-05-14
7418,T-S 16.150,Legal document,"Wednesday, 23 Iyyar 1368",Seleucid,1057-04-30
7419,T-S 16.151,Legal document,Ṭevet 1441,Seleucid,1130
7420,Bodl. MS heb. a 2/5 + T-S 16.152,Legal document,"Wednesday, 15 Sivan 1368",Seleucid,1057-05-21
7421,T-S 16.153 + T-S 8.192,Legal document,"Wednesday, 13 Av 1365",Seleucid,1054-07-20
7426,T-S 16.159,Legal document,"Tuesday, 15 Kislev 1526",Seleucid,1214-11-19
7427,T-S 16.16,State document,439–40,Hijrī,1047-06-28/1049-06-04
7428,T-S 16.164,Legal document,"Sunday, 13 Tishrei 4750",Anno Mundi,0989-09-15
7430,T-S 16.171 + T-S AS 146.459,Legal document,Tammuz 1315,Seleucid,1004-06-22/1004-07-20
7432,T-S 16.176,Legal document,Elul 1493,Seleucid,1182-08-02/1182-08-30
7437,T-S 16.183,Legal document,Shevaṭ 1356,Seleucid,1044-12-22/1045-01-20
7440,T-S 16.187,Legal document,Nisan 1516,Seleucid,1205-03-22/1205-04-20
7442,T-S 16.193,Legal document,Ṭevet 1416,Seleucid,1105
7452,T-S 16.207,Legal document,1430,Seleucid,1118-09-19/1119-09-07
7466,T-S 16.245,Legal document,"Tuesday, 13 Nisan 1326",Seleucid,1015-04-05
7481,T-S 16.309,Letter,21 Shevaṭ 1538,Seleucid,1227-02-09
7482,T-S 16.330,Legal document,1391,Seleucid,1079/1080
7483,T-S 16.331,Legal document,"Sunday, 7 Ḥeshvan 5591",Anno Mundi,1830-10-24
7484,T-S 16.332,Legal document,"Friday, 6 Elul 5576",Anno Mundi,1816-08-30
7485,PER H 92 + T-S 16.334,Legal document,5 Shevaṭ 1437,Seleucid,1126-01-01
7486,T-S 16.335,Legal document,"Monday, 6 Adar 1539",Seleucid,1228
7490,T-S 16.350,Letter,Adar 5596,Anno Mundi,1836-02-19/1836-03-18
7492,"Moss. VII,116.3 + T-S 16.356",Legal document,Iyyar 1431,Seleucid,1120-04
7493,T-S 16.357,Legal document,20 Tammuz 1376,Seleucid,1065-06-26
7500,T-S 20.7,Legal document,"Tuesday, 20 Shevaṭ 1361",Seleucid,1050-01-16
7501,T-S 20.8 + T-S 12.552,Legal document,12 Ḥeshvan 1467,Seleucid,1156
7502,T-S 20.10,Legal document,25 Ṭevet 1622,Seleucid,1310-12-17
7504,T-S 20.21,Legal document,"Wednesday, 21 Iyyar 1387",Seleucid,1076-04-27
7505,T-S 20.23,Legal document,10 Nisan 1360,Seleucid,1049-03-16
7508,T-S Misc.22.185 + T-S 20.27,Legal document,"Wednesday, 21 Shevaṭ 4871",Anno Mundi,1111-02-01
7516,T-S 20.64,Legal document,"Thursday, 5 Ḥeshvan 1553",Seleucid,1241-10-11
7518,T-S 20.74,Legal document,first decade of Nisan 1433,Seleucid,1132-03-19/1132-03-28
7519,T-S 20.77,Legal document,1551,Seleucid,1239-09-01/1240-09-17
7522,T-S 20.83,Legal document,"Sunday, 12 Adar II 4826",Anno Mundi,1066-03-12
7527,T-S 20.93,Legal document,Tammuz 1405,Seleucid,1094-07
7539,T-S 20.129,Legal document,4861,Anno Mundi,1100-09-06/1101-08-25
7546,T-S 20.147,Legal document,Iyyar 1420,Seleucid,1109
7548,T-S 20.160,Legal document,1 Kislev 1359,Seleucid,1047-11-22
7552,T-S 20.187,Legal document,1 Av [4]833,Anno Mundi,1073-07-08
7553,T-S 24.2,Legal document,13[..],Seleucid,988/1088
7554,T-S 24.5,Legal document,Adar 1422,Seleucid,1111-02-11/1111-03-11
7558,T-S 24.13,Legal document,[13]75,Seleucid,1063/1064
7559,T-S 24.14,Legal document,1st Tammuz 1433,Seleucid,1122-06-08
7560,T-S 20.62 + T-S 24.15,Legal document,1437,Seleucid,1125-08-31/1126-09-19
7563,T-S 24.20,Legal document,middle third of Adar I 1426,Seleucid,1115-02-07/1115-02-17
7566,T-S 24.26,Letter,Shevaṭ 1442,Seleucid,1131
7570,T-S 24.34,Legal document,11 Adar I 4973,Anno Mundi,1213
7576,T-S 24.58,Legal document,Tammuz 1411,Seleucid,1100-06-10/1100-07-08
7579,T-S 24.73,Legal document,"Tuesday, 25 Adar I 4807",Anno Mundi,1047-02-24
7580,T-S 24.75,Legal document,Middle ten days of Kislev 1428,Seleucid,1116-11
7581,T-S 24.77,Letter,middle third of Adar 4876,Anno Mundi,1116-05
7584,T-S 24.81,Legal document,"Monday, 29 Iyyar 4967",Anno Mundi,1207-05-28
7585,T-S 28.3,Legal document,Tammuz 4764,Anno Mundi,1004-06-22/1004-07-20
7586,T-S 28.4,Legal document,"Friday, 13 Tammuz 1411",Seleucid,1100-06-22
7587,T-S 28.5,Legal document,"Tuesday, 18 Shevaṭ 1405",Seleucid,1094-02-07
7589,T-S 28.7,Legal document,"Monday, 21 Iyyar 1371",Seleucid,1060-04-24
7593,T-S 8.225 + T-S 28.23,Legal document,25th Marḥeshvan 1418,Seleucid,1106-10-25
7594,T-S 32.2,Legal document,"Thursday, 26 Kislev 1338",Seleucid,1026-12-08
7604,T-S 6J8.10 + T-S 6J2.22,Legal document,1542,Seleucid,1230/1231
7612,T-S 6J5.20,Letter,Ca. 27 Iyyar 1547,Seleucid,1236-05
7614,T-S 6J9.1,Legal document,"Thursday, 29 Ḥeshvan 1446",Seleucid,1134-11-17
7623,T-S 8J4.11 + T-S NS J6,Letter,"Sunday, 5 Adar 1403",Seleucid,1092-02
7632,T-S 8J4.25,Legal document,"Monday, 25 Av 1423",Seleucid,1112-08-19
7634,T-S 8J5.2,Legal document,25 Nisan 1443,Seleucid,1132-04-12
7635,T-S 8J5.4,Legal document,"Tuesday, 17 Tammuz 1438",Seleucid,1127-06-28
7637,T-S 8J5.7,Legal document,"Monday night, 29 Ṭevet 1438",Seleucid,1127
7638,T-S 8J5.11,Legal document,1445,Seleucid,1133/1134
7640,T-S 8J5.16,Legal document,"Thursday, 24 Ṭevet 1406",Seleucid,1095-01-04
7642,T-S 8J6.6 + T-S 10J4.4,Legal document,"Thursday night, 23 Tammuz 1538",Seleucid,1227-07-09
7643,T-S 8J6.7,Legal document,20-29 Tammuz 1540,Seleucid,1229-07-13/1229-07-22
7664,T-S 8J17.9,Legal document,Ḥeshvan 1443,Seleucid,1131-10-24/1131-11-21
7679,T-S 8J21.14 + T-S 8J8.12,Legal document,"Sunday, 20 Sivan 4845",Anno Mundi,1085-06-15
7690,T-S 8J21.30,Letter,650,Hijrī,1252-03-14/1253-03-02
7715,Yevr. III B 634 + T-S 8J32.1 + Bodl. MS heb. f 108/61 + Bodl. MS heb. b 13/48,Legal document,"Tuesday, 5 Adar II 1437",Seleucid,1126
7716,T-S 8J32.3,Legal document,"Tuesday, 4 Av 1473",Seleucid,1162-07-17
7734,T-S 8K20.1.1,Legal document,Adar II 1339,Seleucid,1028
7735,T-S 8K20.1.2,Legal document,Adar II–Nisan 1339,Seleucid,1028
7743,T-S 8K22.12,Paraliterary text,Sivan 5013,Anno Mundi,1253-04-30/1253-05-29
7744,T-S 10J2.1,Legal document,1335-10-14,Seleucid,1024-06-24
7745,T-S 10J2.2,Legal document,1337-01-27,Seleucid,1025-09-23
7746,T-S 10J2.4,Legal document,1341-03-18,Seleucid,1029-11-26
7747,T-S 10J2.5,Legal document,1371-02-20,Seleucid,1061-11-05
7748,T-S 10J2.6,Legal document,1377-07-04,Seleucid,1066-04-02
7749,T-S 10J2.7,Legal document,1430-09-16,Seleucid,1119-05-28
7750,T-S 10J2.8,Legal document,1399-04-16,Seleucid,1088-12-31
7751,T-S 10J2.9,Legal document,7 Av 1395,Seleucid,1084
7752,T-S 10J2.10,Legal document,1395-09-02,Seleucid,1084-05-09
7753,T-S 10J2.11,Legal document,1399-04-16,Seleucid,1088-12-31
7754,T-S 10J2.12,Legal document,"Monday, 21 Sivan 1412",Seleucid,1101
7755,T-S 10J2.13,Legal document,1415-05-12,Seleucid,1104-01-11
7756,T-S 10J2.14,Legal document,21st Elul 1418,Seleucid,1107-09-10
7757,T-S 10J2.15,Legal document,1148-07-17,Seleucid,1172-03-15
7759,T-S 10J2.17,Legal document,1440-09-15,Seleucid,1129-06-04
7760,T-S 10J2.18,Legal document,1441-09-02,Seleucid,1130-05-12
7761,T-S 10J2.19,Legal document,"Thursday, 11 Av 1442",Seleucid,1131-08-06
7762,T-S 10J2.20,Legal document,1443-04-29,Seleucid,1132-01-19
7763,T-S 10J2.21,Legal document,1446-12-03,Seleucid,1135-08-14
7765,T-S 10J2.23,Legal document,1457-06-12,Seleucid,1146-02-26
7766,T-S 10J2.24,Legal document,1461-10-22,Seleucid,1150-07-18
7767,T-S 10J2.25,Legal document,1461-03-15,Seleucid,1149-11-17
7768,T-S 10J2.26,Legal document,1464-07-19,Seleucid,1153-03-17
7769,T-S 10J2.27,Legal document,1466-11-19,Seleucid,1155-07-20
7770,T-S 10J2.28,Legal document,1486-02-12,Seleucid,1174-10-21
7771,T-S 10J2.29,Legal document,1473-02-05,Seleucid,1161-10-27
7772,T-S 10J2.30,Legal document,1476-11-05,Seleucid,1165-07-16
7773,T-S 10J2.31,Legal document,1477-11-25,Seleucid,1166-07-25
7774,T-S 10J2.32,Legal document,1489-12-20,Seleucid,1178-09-04
7776,T-S 10J2.34,Legal document,1492-12-20,Seleucid,1181-09-02
7777,T-S 10J2.35,Legal document,1524-09-05,Seleucid,1213-05-26
7778,T-S 10J2.36,Legal document,"Thursday, 12 Sivan 1532",Seleucid,1221-06-03
7779,T-S 10J2.37,Legal document,"Monday, 10 Adar I 1537",Seleucid,1226-02-09
7780,T-S 10J2.38,Legal document,1537-07-10,Seleucid,1226-03-10
7781,T-S 10J2.39,Legal document,1590-05-18,Seleucid,1279-02-02
7782,T-S 10J2.40,Legal document,21st Tammuz 1437,Seleucid,1126-07-14
7822,T-S 10J3.1,Legal document,"Sunday, 3 Elul 1417",Seleucid,1106-08-05
7828,T-S 10J3.7,Legal document,"Friday, 29 Sivan 1426",Seleucid,1115-06-23
7842,T-S 10J4.7,Legal document,Last third of Av 1492,Seleucid,1181-08
7845,T-S 10J4.10,Legal document,Adar I 1437,Seleucid,1126
7847,T-S NS J11 + T-S 10J4.16 + T-S 16.158 + T-S 10J4.17,Legal document,First third of Shevat 1429,Seleucid,1118-01
7851,T-S 10J5.11,Legal document,1333,Seleucid,1021-09-11/1022-08-29
7858,T-S 10J7.11 + T-S NS J81,Legal document,[14]36,Seleucid,1124-09-11/1125-08-30
7871,T-S 10J11.4,Legal document,first third of Ṭevet 1555,Seleucid,1243-12-15/1243-12-24
7908,T-S 8J32.4 + T-S 10J21.16,Legal document,1540,Seleucid,1228-09-02/1229-09-19
7920,T-S 10J26.2 + T-S AS 151.115,Legal document,12 Adar 1420,Seleucid,1109-02-14
7921,T-S 10J26.3,Legal document,1 Ḥeshvan 1450,Seleucid,1138
7922,T-S 10J26.4,Legal document,Tishrei 1483,Seleucid,1171
7923,T-S 10J26.5,Legal document,20 Adar II 1535,Seleucid,1224-03-13
7926,T-S 10J26.9,Legal document,second half of Adar II 1366,Seleucid,1055-03-18/1055-03-31
7927,T-S 10J26.10,Legal document,1457,Seleucid,1145-09-20/1146-09-08
7928,T-S 10J26.11,Legal document,"Monday, 15 Iyyar 1440",Seleucid,1129
7929,T-S 10J26.12,Legal document,"Thursday, 18 Av 1536",Seleucid,1225-07-20
7931,T-S 10J27.12,Legal document,Kislev 1321,Seleucid,1009
7945,T-S 10J31.10,Letter,23 Shevaṭ 4975,Anno Mundi,1215-01-25
7953,T-S 10J32.11,Letter,Iyyar 1338,Seleucid,1027-04-10/1027-05-08
7956,T-S 13J1.1,Legal document,Tishrei 1326,Seleucid,1014-08-28/1014-09-26
7957,T-S 13J1.7,Legal document,"Wednesday, 9 Tammuz 4793",Anno Mundi,1033-06-09
7958,T-S 13J1.20,Legal document,"Thursday, 14 Iyyar 1399",Seleucid,1098-04-18
7959,T-S 13J2.5,Legal document,"Thursday, 23 Shevat 1406",Seleucid,1095-02
7960,T-S 13J2.6,Legal document,"Thursday, 25 Adar 1408",Seleucid,1097-03-12
7961,T-S 13J2.9,Legal document,Ḥeshvan 1411,Seleucid,1099
7962,T-S 13J2.12,Legal document,"Thursday, 24 Sivan 1416",Seleucid,1105
7963,T-S 13J2.20,Legal document,first decade of Ḥeshvan 1445,Seleucid,1133-10-02/1133-10-11
7964,T-S 13J2.22,Legal document,Av 1446,Seleucid,1135
7965,T-S 13J2.23,Legal document,Kislev 1449,Seleucid,1137
7967,T-S 13J3.13,Legal document,Adar 1448,Seleucid,1137
7968,T-S 13J3.15,Legal document,"Second third of Elul, 1482",Seleucid,1171-08
7969,T-S 13J3.18,Legal document,"Friday, 1 Kislev 1515",Seleucid,1203-11-07
7970,T-S 13J3.23,Legal document,"Monday, 26 Tishrei 1526",Seleucid,1215
8001,T-S 13J17.14,Legal document,1342,Seleucid,1030/1031
8006,T-S 13J18.22,Letter,Tammuz 1530,Seleucid,1219
8010,T-S 13J19.10,Legal document,26 Rabīʿ II 504,Hijrī,1110-11-11
8017,T-S 13J21.1,Letter,"Monday, 8 Adar I 1421",Seleucid,1110-01-31
8029,T-S 24.11,Legal document,"Tuesday, 14 Elul 4762",Anno Mundi,1002-08-25
8031,T-S 13J24.15,Legal document,Kislev 1344,Seleucid,1032-11-07/1032-12-05
8053,T-S 13J30.2,Legal document,Nisan 1460,Seleucid,1149-03-12/1149-04-10
8061,T-S 13J31.6,Legal document,Iyyar 1456,Seleucid,1145
8068,T-S 13J33.10,Letter,9 Kislev 1479,Seleucid,1167-11-23
8070,T-S 13J34.1,Legal document,"Sunday, 7 Av 1388",Seleucid,1077
8072,T-S 13J34.4,Legal document,Tammuz/Av 1466,Seleucid,1155-06-03/1155-07-31
8093,T-S 13J36.11,Letter,Ramaḍān 620,Hijrī,1223-09-28/1223-10-27
8096,T-S 13J37.1,Legal document,9 Ḥeshvan 5304,Anno Mundi,1543-10-07
8099,T-S 13J37.4,Legal document,Ḥeshvan 1413,Seleucid,1101
8101,T-S 13J37.6,Legal document,28 Ramadan 635,Hijrī,1238-05-14
8102,T-S 13J37.7,Legal document,4992,Anno Mundi,1231-08-30/1232-09-15
8107,T-S 18J1.28,Legal document,19 Ḥeshvan 1498,Seleucid,1186-11-03
8111,T-S 18J2.9,Letter,1578,Seleucid,1266/1267
8112,T-S 18J2.13,Legal document,15 Tammuz 1428,Seleucid,1117-06-17
8113,T-S 18J2.15,Legal document,4799,Anno Mundi,1038-09-02/1039-09-21
8134,T-S 18J5.9,Legal document,"Wednesday, 13 Sivan 1351",Seleucid,1040-05-28
8139,T-S Ar.4.8,List or table,589,Hijrī,1193-01-07/1193-12-26
8154,T-S Ar.7.31,Legal document,626,Hijrī,1228/1229
8156,T-S Ar.7.34,Legal document,Dhū l-Qaʿda 618,Hijrī,1221-12-17/1222-01-15
8181,T-S Ar.30.42,Legal document,623,Hijrī,1226-01-02/1226-12-21
8192,T-S Ar.30.159,State document,550,Hijrī,1155-03-07/1156-02-24
8204,T-S Ar.38.2,Legal document,Shawwāl 400,Hijrī,1010-05-18/1010-06-15
8206,T-S Ar.38.11,Legal document,13 Nisan 13[..],Seleucid,889/988
8210,T-S Ar.38.43,Legal document,Dhū l-Ḥijja 407,Hijrī,1017-05-01/1017-05-29
8212,T-S Ar.38.56,Legal document,First decade of Ramaḍān 495,Hijrī,1102-06
8225,T-S Ar.38.116,Legal document,1 Rajab 925,Hijrī,1519-06-29
8227,T-S Ar.38.119,Legal document,531,Hijrī,1136-09-29/1137-09-18
8228,T-S Ar.38.131 + T-S Ar.42.212,Legal document,15 Dhū l-Ḥijja 870,Hijrī,1466-07-29
8229,T-S Ar.39.10,List or table,Beginning of Elul 1524,Seleucid,1213
8238,T-S Ar.39.189,Legal document,"Thursday, 20 Dhū l-Qaʿda 682",Hijrī,1284-02-18
8241,T-S Ar.39.245,State document,25 Rabīʿ II 630,Hijrī,1233-02-08
8243,T-S Ar.39.303,Legal document,Shaʿbān 573,Hijrī,1178-01-23/1178-02-20
8249,T-S Ar.39.399,List or table,383,Hijrī,0993-02-26/0994-02-14
8251,T-S Ar.39.421,Legal document,539,Hijrī,1144-07-04/1145-06-23
8256,T-S Ar.39.459,Legal document,642,Hijrī,1244-06-09/1245-05-28
8258,T-S Ar.39.476,Legal document,Elul 1141 – Tishrei 1442,Seleucid,1130
8263,T-S Ar.40.29,Legal document,4 Ṣafar 735,Hijrī,1334-10-04
8264,T-S Ar.40.37,State document,21 Rajab 528,Hijrī,1134-05-17
8271,T-S Ar.40.153,State document,First 10 days of Shawwāl 480,Hijrī,1087-12/1088-01
8280,T-S Ar.41.58,Legal document,8 Jumādā II 907,Hijrī,1501-12-19
8293,T-S Ar.42.171,State document,4 Rabiʿ II 595,Hijrī,1199-02-03
8317,T-S Ar.53.70,Legal document,last third of Rabīʿ I 512,Hijrī,1118-07-12/1118-07-21
8319,T-S Ar.53.73,Legal document,22 Rabīʿ II 717,Hijrī,1317-07-04
8328,T-S Ar.54.52,List or table,1698,Seleucid,1387
8331,T-S Ar.54.68,Letter,1544,Seleucid,1232-09-16/1233-09-05
8332,T-S Ar.54.74,Legal document,"Friday night, 20 Iyar 4957",Anno Mundi,1197-05
8345,T-S Misc.24.66,Legal document,3 Ramaḍān 654,Hijrī,1256-09-24
8349,T-S Misc.24.137.2,Legal document,"Thursday, 18th Iyyar 1410",Seleucid,1099-05-12
8351,T-S Misc.25.8,Legal document,6 Tishrei 1530,Seleucid,1218-10/1218-11
8353,T-S Misc.25.10,Legal document,Elul 4904,Anno Mundi,1144-08-02/1144-08-30
8354,T-S Misc.25.13,Legal document,"Wednesday, 4 Elul 1392",Seleucid,1081
8361,T-S Misc.25.107,Legal document,"Thursday, 23 Ḥeshvan 1542",Seleucid,1230
8366,T-S Misc.27.4.29 + T-S AS 158.365,Legal document,Shevaṭ 1404,Seleucid,1093-01-01/1093-01-30
8384,T-S Misc.28.234,Legal document,Iyyar 1452,Seleucid,1141-04-10/1141-05-08
8391,T-S Misc.29.8,Legal document,Shawwāl 512,Hijrī,1119-01-15/1119-02-12
8393,T-S Misc.29.23 + T-S Ar.38.31,Legal document,6 Ṣafar 498,Hijrī,1104-10-28
8394,T-S Misc.29.24,Legal document,Shaʿbān 532,Hijrī,1115-05-27/1116-05-15
8425,T-S J3.25,Legal document,1427,Seleucid,1115/1116
8426,T-S J3.26,Legal document,13 Sivan 1400,Seleucid,1089-05-25
8432,T-S J3.47,Legal document,"Thursday, 13 Kislev 1342",Seleucid,1030-11-11
8443,T-S K3.32,Legal document,Jumāḍā II 545,Hijrī,1150-09-25/1150-10-23
8484,T-S K6.47,Paraliterary text,16 Ḥeshvan 4897,Anno Mundi,1136-10-13
8485,T-S K6.118,Legal document,Tevet 1451,Seleucid,1139-12
8487,T-S K6.151,Paraliterary text,1419,Seleucid,1107-09-19/1108-09-07
8492,T-S K15.6,List or table,Av 1489,Seleucid,1189-07-17/1189-08-15
8517,T-S K15.95,Legal document,Middle decade of Iyyār 1461,Seleucid,1150-05
8537,T-S K25.179,Legal document,1 Sivan 1540,Seleucid,1229-05-25
8542,T-S K25.240.1,Legal document,Rabīʿ I 615,Hijrī,1218-05/1218-06
8543,T-S K25.240.2,Legal document,Ṣafar 615,Hijrī,1218-04-29/1218-05-27
8605,T-S AS 145.7,Legal document,"Wednesday, 26 Adar II 4848",Anno Mundi,1088-03-22
8609,T-S AS 145.12,Paraliterary text,Elul 4959,Anno Mundi,1199-08-25/1199-09-22
8618,T-S AS 145.25,Credit instrument or private receipt,Nisan 1472,Seleucid,1161
8619,T-S AS 145.52,Legal document,4754,Anno Mundi,0993-09-19/0994-09-07
8620,T-S AS 145.75,Paraliterary text,9 Jumādā I 872,Hijrī,1467-12-06
8627,T-S AS 146.8,Credit instrument or private receipt,25 Jumādā II 632,Hijrī,1235-03-17
8634,T-S AS 149.2,List or table,Jumādā II 444,Hijrī,1052-09-28/1052-10-26
8645,T-S NS 226.11a,Legal document,1431,Seleucid,1119
8652,T-S NS 297.1,Legal document,"Wednesday, 11 Jumādā II 697",Hijrī,1298-03-26
8654,T-S NS 311.23,Legal document,1461,Seleucid,1149-09-05/1150-09-22
8664,T-S NS 320.17,Legal document,1469,Seleucid,1157-09-07/1158-08-25
8665,T-S NS 320.28,Legal document,"Monday, 24 Iyyār 1403",Seleucid,1092-05-03
8676,T-S NS 321.8,Legal document,"Tuesday, 27 Kislev 1411",Seleucid,1099-12-13
8687,T-S NS 323.4b + T-S NS 323.4a,Legal document,"Friday, 15 Kislev 1417",Seleucid,1105-11-24
8689,T-S NS 323.22,Legal document,Nisan 1360,Seleucid,1049-03-07/1049-04-05
8690,T-S NS 323.34,Legal document,"Tuesday, 28 Sivan 4746",Anno Mundi,0986-06-08
8691,T-S NS 323.38,Legal document,Tishrei 1520,Seleucid,1208
8696,T-S NS 324.132,List or table,Ṭevet 1488,Seleucid,1176
8697,T-S NS 324.142,Letter,Kislev 1497,Seleucid,1185
8698,T-S NS 324.144a,Legal document,Sivan 1556,Seleucid,1245
8709,T-S NS J48,Legal document,"Sunday, 7 Ḥeshvan 1445",Seleucid,1133
8710,T-S NS J50,Legal document,Tishrei 1453,Seleucid,1141-09-04/1141-10-03
8722,T-S NS J90,Legal document,"Monday, 21 Sivan 1410",Seleucid,1099-06-13
8723,T-S NS J94,Legal document,Ṭevet 1438,Seleucid,1126-12-17/1127-01-14
8732,T-S NS J133,Legal document,1404,Seleucid,1092/1093
8740,T-S NS J162,Legal document,"Sunday, 11 Heshvan 1437",Seleucid,1125-10-10
8744,T-S NS J183,Legal document,Kislev 1542,Seleucid,1230-11-08/1230-12-07
8750,T-S NS J226,Legal document,8 Tishrei 1554,Seleucid,1242-09-04
8752,T-S NS J228,Legal document,8 Adar II 1445,Seleucid,1134-03-05
8753,T-S NS J231,Legal document,"Thursday, 7 Tishrei 1537",Seleucid,1225-09-10
8754,T-S NS J234,Legal document,Tishrei 1512,Seleucid,1200-09-11/1200-10-10
8755,T-S NS J244,List or table,445,Hijrī,1053-04-23/1054-04-11
8759,T-S NS J278,Legal document,"Sunday, 5 Elul 1449",Seleucid,1138-08-14
8778,T-S NS J383,Legal document,Tammuz 1549–Tammuz 1550,Seleucid,1238/1239
8782,T-S NS J392,Legal document,End of Shevaṭ 1439,Seleucid,1128-02
8785,T-S NS J412,Legal document,13 Elul 1528,Seleucid,1217-08-18
8794,T-S NS J457,Legal document,15th Sivan 1410,Seleucid,1099-06-07
8797,T-S NS J469,Legal document,"Thursday, 23 Rabīʿ II 655",Hijrī,1257-05-10
8830,CUL Add.3349,Legal document,Elul 1552,Seleucid,1241-08-09/1241-09-06
8831,CUL Add.3350,Legal document,"Wednesday, 22 Adar II 1472",Seleucid,1161
8832,CUL Add.3412,Legal document,10th Sivan 1410,Seleucid,1099-06-02
8834,CUL Add.3414,Legal document,13th Elul 1409,Seleucid,1098-08-13
8835,CUL Add.3417,Legal document,"Monday, 1 Av 1543",Seleucid,1232-07-19
8841,CUL Or.1080 5.16,Legal document,Tammuz 1395,Seleucid,1084-06-07/1084-07-05
8842,CUL Or.1080 5.17,Legal document,Av 1[3]82,Seleucid,1071
8844,CUL Or.1080 9.21,Legal document,14 Nisan 5581,Anno Mundi,1821-04-16
8848,CUL Or.1080 J11,Legal document,Av 1544,Seleucid,1233-07-09/1233-08-07
8861,CUL Or.1080 J53,Legal document,Shevaṭ 4872,Anno Mundi,1112-01-01/1112-01-30
8865,CUL Or.1080 J61,Legal document,Adar II 1456,Seleucid,1145-02-26/1145-03-26
8866,CUL Or.1080 J64,Legal document,"Wednesday, 17 Adar 1536",Seleucid,1225-02-26
8867,CUL Or.1080 J65,Legal document,Elul 1456,Seleucid,1145-08
8879,CUL Or.1080 J83,Legal document,"Friday, 14 Nisan 5532",Anno Mundi,1772-04-17
8881,CUL Or.1080 J96,Legal document,[13]48,Seleucid,1036-09-23/1037-09-12
8883,CUL Or.1080 J99,Letter,Ṭevet 1492,Seleucid,1180-12-21/1181-01-18
8889,CUL Or.1080 J116,Legal document,153[.],Seleucid,1218/1227
8890,CUL Or.1080 J117,Legal document,481,Hijrī,1088-03-27/1089-03-15
8892,CUL Or.1080 J122,List or table,Sivan 1553,Seleucid,1242-05-02/1242-05-31
8900,CUL Or.1080 J133,Legal document,10 Kislev 5319,Anno Mundi,1558-11-20
8903,CUL Or.1080 J141,Legal document,Av 1425,Seleucid,1114-07-06/1114-08-04
8909,CUL Or.1080 J180,Letter,Ṭevet 1452,Seleucid,1140-12-13/1141-01-10
8914,CUL Or.1080 J206,Legal document,"Tuesday, 29 Nisan 1458",Seleucid,1147-04-01
8919,CUL Or.1080 J223,Letter,1 Adar 1539,Seleucid,1228-02-09
8925,CUL Or.1080 J239,Legal document,Rabi al-Awwal 617,Hijrī,1220-05-04
8933,CUL Or.1080 J260,Legal document,139[0]/139[9],Seleucid,1068/1079
8942,CUL Or.1080 J286,Legal document,[14]66,Seleucid,1144/1145
8943,CUL Or.1080 J287,Letter,1532,Seleucid,1220-08-31/1221-09-17
8945,CUL Or.1080 J289,Legal document,Kislev 1414,Seleucid,1102-11
8946,CUL Or.1080 J290,Legal document,Tishrei 1351,Seleucid,1039-09-22/1039-10-21
8952,CUL Or.1081 J28,Letter,Tishrei 4849,Anno Mundi,1088-09-19/1088-10-18
8953,CUL Or.1081 J31,Legal document,"Sunday, 26 Ṭevet 1537",Seleucid,1225-12-28
8955,CUL Or.1081 J36,Legal document,1428,Seleucid,1116/1117
8962,UPenn E 16510,Legal document,Last decade of Iyar 1431,Seleucid,1120-04
8966,L-G Ar. I.64,Legal document,Iyyar 1541,Seleucid,1230
9007,L-G Misc. 42,Legal document,2nd Kislev 1431,Seleucid,1119-11-07
9011,L-G Misc. 50,Legal document,21st Adar 1409,Seleucid,1098-02-25
9015,L-G Misc. 77,Legal document,Adar 1817,Seleucid,1506-01-26/1506-02-24
9017,L-G Misc. 105 + L-G Ar. I.76 + L-G Ar. I.40.2,Legal document,1345,Seleucid,1033/1034
9024,L-G Misc. 121,Legal document,24 Adar II 1551,Seleucid,1240
9025,L-G Glass 42,Legal document,Tammuz 1460,Seleucid,1149
9056,T-S 13J33.1,Letter,1 Shevaṭ 1444,Seleucid,1133-01-09
9057,T-S 20.63,Legal document,First decade of Ṭevet 1445,Seleucid,1133
9058,Bodl. MS heb. c 28/22,Letter,Adar I 1448,Seleucid,1134
9065,T-S NS J22,Legal document,Middle third of Shevaṭ 1447,Seleucid,1136-01
9067,T-S 24.37,Letter,3 Heshvan 1449,Seleucid,1137-10-20
9068,T-S 12.830 + T-S 8J5.13,Legal document,Last decade of Ṭevet 4898,Anno Mundi,1138-01
9069,T-S 8J19.28 + T-S 13J26.12,Letter,28 Ṭevet 4898,Anno Mundi,1138-01-13
9073,T-S 8J18.1,Letter,Monday 29 Av 4898,Anno Mundi,1138-08-08
9099,T-S 13J36.3,Letter,15 Iyyar [4899],Anno Mundi,1139-04-17
9114,L-G Misc. 13,Letter,8 Tammuz (4900),Anno Mundi,1140-06-25
9115,T-S 10J10.23,Letter,12 Elul 1451,Seleucid,1140-08-27
9118,T-S 10J24.2 + CUL Or.1080 J211 + T-S Misc.28.256,Letter,Heshvan 1452,Seleucid,1140-10-14/1140-11-12
9121,CUL Or.1080 J24,Letter,Adar 1451,Seleucid,1140-01-22/1140-02-20
9124,T-S AS 146.6,Letter,11 Sivan [4901,Anno Mundi,1141-05-18
9131,Halper 344,Legal document,Iyyar 1457,Seleucid,1146-04-15/1146-05-13
9144,T-S NS 324.18,Legal document,Tishrei 1441,Seleucid,1129-10-06/1129-10-15
9179,T-S 12.516,Legal document,515,Hijrī,1121-03-22/1122-03-11
9198,T-S G1.61,Letter,Iyyar 571,Hijrī,1176-04-12/1176-05-10
9200,"Moss. VII,53",Legal document,"Thursday, 17 Iyyar 5316",Anno Mundi,1556-04-27
9235,T-S Ar.30.273,State document,516/521,Hijrī,1123/1127
9239,T-S 8J5.14,Legal document,"Tuesday, 27 Sivan 1497",Seleucid,1186-06-16
9252,CUL Or.1080 J137,Legal document,1527,Seleucid,1215/1216
9253,Bodl. MS heb. a 3/20,Legal document,12 Nissan 1409,Seleucid,1098-03-17
9254,T-S K15.98,List or table,"Monday, 7 Shaʿbān 503",Hijrī,1110-03-01
9262,T-S 20.173,Letter,Tishrei 1445,Seleucid,1133-09-02/1133-10-01
9284,AIU VII.E.93,Letter,5565,Anno Mundi,1804-09-06/1805-09-23
9289,T-S C2.17,Legal document,17 Iyyar 4635,Anno Mundi,0875-04-27
9290,IOM D 55.8,Legal document,"Thursday, 25 Shevaṭ 1372",Seleucid,1061-01-18
9294,T-S 8J5.4,Legal document,"Tuesday, 17 Tammuz 1438",Seleucid,1127-06-28
9301,Bodl. MS heb. a 2/3,Legal document,7 Tishrei 4750,Anno Mundi,0989-09-09
9318,Bodl. MS heb. b 3/5,Legal document,20 Tishrei 1469,Seleucid,1157-09-26
9325,Bodl. MS heb. d 66/26,Letter,1487,Seleucid,1175/1176
9346,IOM D 55.4,Letter,23 Nisan 1532,Seleucid,1221
9347,IOM D 55.6,Legal document,Kislev 1452,Seleucid,1140-11-13/1140-12-12
9348,IOM D 55.7,Legal document,"Sunday, 17 Tammuz 1426",Seleucid,1115-07-11
9349,IOM D 55.9,Paraliterary text,13 Iyyar 4909,Anno Mundi,1149-04-23
9383,"Moss. VII,75",Legal document,"Thursday, 18 Av 1500",Seleucid,1189-08-03
9386,"Moss. VII,89.1",Legal document,"Thursday, 21 Sivan 1391",Seleucid,1080-06-11
9391,PER H 129,Letter,Ḥeshvan 1646,Seleucid,1334-10-01/1334-10-29
9408,Yevr.-Arab. I 1700.23,Legal document,26 Tammuz 1467,Seleucid,1156-07-16
9423,Yevr.-Arab. I 1700.8,Legal document,29 Iyyar 1467,Seleucid,1156-05-21
9433,T-S 18J1.34,Legal document,9 Shevaṭ 1639,Seleucid,1328-01-21
9436,T-S Ar.38.93,State document,Jumādā I 589,Hijrī,1193-05-05/1193-06-03
9461,ENA 4020.2,Legal document,Nisan 1407,Seleucid,1096-03-27/1096-04-25
9473,T-S 12.93,Legal document,"Friday, 2 Tammuz 1409",Seleucid,1098-06-04
9477,T-S 12.116,Legal document,Kislev 1402,Seleucid,1090
9487,T-S 6J2.4,Legal document,1470,Seleucid,1158-08-26/1159-09-13
9501,T-S 8J5.4,Legal document,"Tuesday, 2 Av 1438",Seleucid,1127-07-12
9504,T-S 8J9.17,Legal document,Tishrei-Ḥeshvan 1472,Seleucid,1160-09/1160-10
9522,T-S 12.499,Legal document,24 Adar II 1280,Seleucid,969-03-17
9529,T-S NS 184.82,Legal document,19 Sivan 1432,Seleucid,1121-06-07
9535,L-G Misc. 18 + L-G Glass 22,Legal document,1358,Seleucid,1046-09-04/1047-09-23
9598,Bodl. MS heb. b 11/2,Legal document,Kislev 1443,Seleucid,1132-11
9634,"Moss. VII,9.1",Credit instrument or private receipt,Nisan 1455,Seleucid,1144-03-07/1144-04-05
9667,T-S NS J82,Credit instrument or private receipt,Tishrei 1453,Seleucid,1141-09-04/1141-10-03
9682,F 1908.44A,Legal document,First ten days of Av 1427,Seleucid,1116-07
9690,T-S 12.392,Letter,24 Ḥeshvan (4)864,Anno Mundi,1103-10-28
9778,T-S Misc.28.263,Legal document,Tishrei 1424,Seleucid,1112-09-23/1112-10-22
9796,ENA 4011.16,Legal document,Elul 1452,Seleucid,1141
9875,ENA 3306.7 + ENA 3306.8,List or table,27 Tishrei 5568,Anno Mundi,1807-10-29
9889,ENA 3727.1,List or table,28 Kislev 5567,Anno Mundi,1806-12-09
9897,ENA NS 27.6,List or table,Ḥeshvan 5502,Anno Mundi,1741-10-11/1741-11-08
9915,ENA NS 17.29,Letter,427–29,Hijrī,1035/1038
9934,ENA 2562.2,List or table,5483,Anno Mundi,1722-09-12/1723-09-29
9950,ENA NS 39.2 + ENA 1822a.82 + ENA 1822a.83a + ENA NS 27.7 + ENA 1822a.83,List or table,21 Shevat 5492,Anno Mundi,1732-02-17
9951,ENA NS 39.2 + ENA 1822a.82 + ENA 1822a.83 + ENA NS 27.7 + ENA 1822a.83a,List or table,8 Tevet 5492,Anno Mundi,1732-01-06
9966,ENA 624.20,List or table,29 Elul 5559,Anno Mundi,1799-09-29
9975,ENA 624.5,List or table,21 Shevat 5558,Anno Mundi,1798-02-07
9982,ENA 2558.20,Legal document,16 Heshvan 1542,Seleucid,1230-10-24
9983,ENA 2558.27,List or table,26 Kislev 5503,Anno Mundi,1742-12-23
10001,ENA 3902.5,Legal document,Shaʿbān 459,Hijrī,1066-11-22/1067-11-10
10004,ENA 3903.6,Letter,5 Muḥarram 1245,Hijrī,1829-07-07
10021,ENA 3907.13,Legal document,545,Hijrī,1150-04-30/1151-04-19
10066,ENA NS 71.5,Credit instrument or private receipt,1256,Hijrī,1840-03-05/1841-02-22
10088,ENA 1178.21,List or table,1072,Hijrī,1661-08-27/1662-08-15
10098,ENA 2373.1,List or table,5582,Anno Mundi,1821-09-27/1822-09-15
10099,ENA 2373.2,List or table,5582,Anno Mundi,1821-09-27/1822-09-15
10100,ENA 2373.3,List or table,5582,Anno Mundi,1821-09-27/1822-09-15
10144,ENA 3375.10,State document,17 Muḥarram 525,Hijrī,1130-12-20
10179,ENA 3499.1,Legal document,Dhū l-Qaʿda 671,Hijrī,1273-05-20/1273-06-18
10202,ENA 3735.1 + ENA 3735.2,List or table,5558,Anno Mundi,1797-09-21/1798-09-10
10215,ENA 3915.1,Legal document,917,Hijrī,1511-03-31/1512-03-18
10233,ENA 3918.8,State document,549,Hijrī,1154-03-18/1155-03-06
10270,ENA 3924.5,State document,Shawwal 1000,Hijrī,1592-07-11/1592-08-08
10271,ENA 3924.6,Credit instrument or private receipt,1189,Hijrī,1775-03-04/1776-02-20
10284,ENA 3925.6,State document,Jumādā I 552,Hijrī,1157-06-11/1157-07-10
10288,ENA 3926.1,Legal document,689,Hijrī,1290-01-14/1291-01-03
10294,ENA 3926.8,State document,Ṣafar 436,Hijrī,1040-10-11/1040-11-08
10312,ENA 3928.6,State document,Rajab 405,Hijrī,1014-12-26/1015-01-24
10359,ENA 3934.5,Credit instrument or private receipt,Shaʿbān 460,Hijrī,1068-06-05/1068-07-03
10368,ENA 3935.14 + ENA 3935.13,Letter,491,Hijrī,1097-12-09/1098-11-27
10383,ENA 3937.1,State document,537,Hijrī,1142-07-27/1143-07-15
10416,ENA 3940.6,State document,405,Hijrī,1014-07-02/1015-06-20
10422,ENA 3941.3,,1243,Hijrī,1827-07-25/1828-07-13
10423,ENA 3941.5,State document,1239,Hijrī,1823-09-07/1824-08-25
10429,ENA 3942.11,List or table,Jumādā II 632,Hijrī,1235-02-21/1235-03-21
10431,ENA 3942.13,Credit instrument or private receipt,10 Shaʿbān 997,Hijrī,1589-06-24
10434,ENA 3942.3,State document,402,Hijrī,1013-07-13/1014-07-01
10446,ENA 3943.15,Legal document,11 Rabīʿ II 488/20 Rabīʿ II 488,Hijrī,1095-04-20
10457,ENA 3944.13,State document,500,Hijrī,1106-09-02/1107-08-21
10468,ENA 3944.8,State document,547,Hijrī,1152-04-08/1153-03-28
10481,ENA 3945.5,State document,537,Hijrī,1142-07-27/1143-07-15
10484,ENA 3945.8,State document,562,Hijrī,1166-10-28/1167-10-16
10525,ENA 3951.7,State document,7 Muḥarram 607,Hijrī,1210-07-01
10528,ENA 3952.3,State document,510,Hijrī,1116-05-16/1117-05-04
10584,ENA 3962.6,Legal document,Rabīʿ I 534,Hijrī,1139-10-26/1139-11-24
10591,ENA 3963.4,Legal document,middle decade of Rabīʿ II 483,Hijrī,1090-06-12/1090-06-21
10592,ENA 3964.1,Legal document,Jumada I 1054,Hijrī,1644-07-06/1644-08-04
10600,ENA 3964.2,Credit instrument or private receipt,28 Ramaḍān 1243,Hijrī,1828-04-13
10608,ENA 3965.1,Legal document,2 Muḥarram 1138,Hijrī,1725-09-10
10610,ENA 3965.11,Legal document,25 Ṣafar 919,Hijrī,1513-05-02
10624,ENA 3966.1,,1202,Hijrī,1787-10-13/1788-10-01
10635,ENA 3966.3,Credit instrument or private receipt,466,Hijrī,1034-11-16/1035-11-04
10640,ENA 3966.8,State document,27 Muḥarram 404,Hijrī,1013-08-08
10671,ENA 3968.13,State document,15 Dhū l-Qaʿda 637,Hijrī,1240-06-07
10707,ENA 3969.2,State document,12 Ramaḍān 634,Hijrī,1237-05-09
10846,ENA 3975.4,Legal document,16 Dhū l-Qaʿda 537,Hijrī,1143-06-02
10857,ENA 3979.1,State document,Rabīʿ II 952,Hijrī,1545-06-12/1545-07-10
10859,ENA 3979.3,State document,5 Muḥarram 735,Hijrī,1334-09-05
10862,ENA 3979.8 + ENA 3979.7,State document,8 Dhū l-Qaʿda 404,Hijrī,1014-05-11
10921,ENA 3982.55,Legal document,26 Muḥarram 1260,Hijrī,1844-02-16
10922,ENA 3982.56,State document,501,Hijrī,1107-08-22/1108-08-10
11073,"MS 9160, fol. 1",Legal document,9 Sivan 5355,Anno Mundi,1595-05-17
11079,ENA 972.8,Legal document,"Friday, 20 Kislev 1457",Seleucid,1145/1146
11080,ENA 2559.15,Legal document,1563,Seleucid,1251-09-18/1252-09-04
11082,ENA 972.2,Legal document,135[.],Seleucid,1038/1048
11084,ENA 972.1,Legal document,1331,Seleucid,1019/1020
11085,ENA 972.4,Legal document,"Tuesday, 8 Nisan 1435",Seleucid,1124
11088,ENA 972.5,Legal document,"Tuesday, 23 Iyyar 1436",Seleucid,1125
11091,ENA 972.6,Legal document,Tishrei 7th 1421,Seleucid,1109-09-03
11092,ENA 972.10,Legal document,4903,Anno Mundi,1142-09-22/1143-09-10
11096,ENA NS 52.2,Legal document,29 Tishrei 2023,Seleucid,1711-10-12
11097,ENA 972.7 + ENA NS 18.10 + BL OR 12299.18,Legal document,23 Sivan 1436,Seleucid,1125-05-27
11098,ENA 3460.2,Legal document,13 Sivan 5505,Anno Mundi,1745-06-13
11100,ENA 972.9,Legal document,13[..],Seleucid,988/1088
11101,ENA 972.3,Legal document,"Friday, 25 Iyyar 1439",Seleucid,1128-04-27
11104,ENA 4020.47,Legal document,"Monday, 26 Ḥeshvan 1403",Seleucid,1091-11-10
11105,ENA 4011.48,Legal document,7 Kislev 1412,Seleucid,1100-11-10
11106,ENA 2715.23,Legal document,Adar I 1445,Seleucid,1134-01-27/1134-02-25
11107,ENA NS 49.19,Legal document,1 Heshvan 5294,Anno Mundi,1533-10-20
11120,ENA 3314.7,List or table,5536,Anno Mundi,1775-09-25/1776-09-13
11131,ENA NS 54.16,List or table,Av 5333,Anno Mundi,1573-07-01/1573-07-30
11134,ENA 2744.2,Letter,11 Sivan 4959,Anno Mundi,1199-06-07
11140,ENA 3901.3,Letter,3 Rajab 1248,Hijrī,1832-11-26
11142,ENA 3907.10,Legal document,Jumādā II 1010,Hijrī,1601-11-27/1601-12-25
11165,ENA NS 54.26,Legal document,1410,Seleucid,1098/1099
11193,ENA 4011.1,Legal document,Tishrei 1447,Seleucid,1135-09-10/1135-10-09
11194,ENA 2558.31b,Legal document,10 Kislev 1530,Seleucid,1218-12
11196,ENA 4011.4,Legal document,Tishrei 1454,Seleucid,1142
11202,ENA 2559.4,Literary text,25 Kislev 5036,Anno Mundi,1275-12-15
11208,ENA 2560.6,Legal document,1532,Seleucid,1220/1221
11214,ENA NS 18.28,Legal document,1341,Seleucid,1029-09-11/1030-08-30
11215,ENA 2806.2,Legal document,Middle third of Av 4889,Anno Mundi,1129-07-29/1129-08-07
11218,"MS 9160, fol. 2",Legal document,"Monday, 1 Ṭevet 5275",Anno Mundi,1514-12-19
11225,ENA 4010.1,Legal document,"Thursday, 17 Sivan 1386",Seleucid,1075-06-04
11227,ENA 2131.7,Paraliterary text,Monday 24 Jumādā I 517,Hijrī,1123-07-20
11229,ENA NS 11.3,Paraliterary text,1528,Seleucid,1216-09-15/1217-09-03
11234,ENA NS 30.10,Legal document,"Friday, 19 Av 5330",Anno Mundi,1570-07-21
11242,T-S 20.61 + ENA 3392.4 + ENA 3392.3,Letter,5481,Anno Mundi,1720-10-03/1721-09-21
11247,ENA 3941.4,State document,Jumādā II 1239,Hijrī,1824-02-02/1824-03-01
11248,ENA 3960.10,Legal document,909,Hijrī,1503-06-26/1504-06-13
11249,ENA 3960.6,Legal document,909-03-14,Hijrī,1503-06-26/1504-06-13
11250,ENA 3960.8,Legal document,909-03,Hijrī,1503-06-26/1504-06-13
11251,ENA 3974.6,Legal document,First decade of Jumādā II 440,Hijrī,1048-11
11262,"MS 9160, fol. 10",List or table,28 Tammuz 5463,Anno Mundi,1703-07-12
11263,"MS 9160, fol. 11",Legal document,Sivan 5324,Anno Mundi,1564-05-12/1564-06-10
11264,"MS 9160, fol. 4",Legal document,Elul 5372,Anno Mundi,1612-08-29/1612-09-26
11265,"MS 9160, fol. 5",Legal document,12 Sivan 1814,Seleucid,1503-06-06
11266,"MS 9160, fol. 6",Legal document,5 Adar 5588,Anno Mundi,1828-02-20
11267,"T-S 10J4.19 + MS 9160, fol. 7",Legal document,Shevaṭ 5564,Anno Mundi,1804-01-14/1804-02-12
11273,ENA NS 31.25,Letter,Adar 5559,Anno Mundi,1799-02-06/1799-03-07
11279,ENA 1822a.36,Legal document,Jumādā I 592,Hijrī,1196-04-02/1196-05-01
11284,ENA NS 19.15,Paraliterary text,1454,Seleucid,1142-09-22/1143-09-10
11295,ENA 4020.60a,List or table,26 Tishrei 1462,Seleucid,1150
11315,ENA 2560.1,Legal document,12 Nisan 1571,Seleucid,1260-03-25
11323,ENA NS 12.3,List or table,937,Hijrī,1530-08-25/1531-08-14
11336,ENA NS I.90,Legal document,"Wednesday, end of Shevaṭ 1402",Seleucid,1091
11338,ENA NS 54.17,Legal document,Sivan 5304,Anno Mundi,1544-05-23/1544-06-21
11340,ENA 2558.22,Legal document,middle third of Shevaṭ 1554,Seleucid,1243-01-04/1243-01-13
11349,ENA 3616.3,Legal document,"Monday, 6 Sivan 5252",Anno Mundi,1492-06-01
11358,ENA NS 17.30,Legal document,[1]403,Seleucid,1092
11362,ENA NS 29.17,Legal document,Shevat 5562,Anno Mundi,1802-01-04/1802-02-02
11376,ENA NS 49.20,Legal document,"Tuesday, 2 Ḥeshvan 5324",Anno Mundi,1563-10-19
11377,ENA NS 5.30,Legal document,Ṭevet 5338,Anno Mundi,1578-01-01/1578-01-08
11378,ENA NS 50.1,Legal document,"Wednesday, 1 Tevet 5416",Anno Mundi,1655-12-29
11379,ENA NS 50.7,Legal document,10 Ḥeshvan 5488,Anno Mundi,1727-10-25
11380,ENA NS 50.8,Legal document,Ḥeshvan 5562,Anno Mundi,1801-10-08/1801-11-05
11381,ENA NS 53.20,Legal document,1 Elul 5323,Anno Mundi,1563-08-20
11382,ENA NS 53.21,Legal document,1 Shevat 5287,Anno Mundi,1527-01-03
11383,ENA NS 53.22,Legal document,Shevaṭ 5306,Anno Mundi,1546-01-04/1546-02-02
11384,ENA NS 54.18,Legal document,Tammuz 5353,Anno Mundi,1593-07-01/1593-07-29
11400,ENA NS I.94b,Legal document,1 Nisan 1546,Seleucid,1235-03-22
11401,ENA 3844.9,Legal document,1423,Seleucid,1111-09-05/1112-09-22
11402,ENA NS 47.12,Legal document,"Wednesday, 18 Sivan 1806",Seleucid,1495-06-10
11403,ENA NS 38.12,Legal document,7 Adar II 5331,Anno Mundi,1571-03-04
11404,ENA 2750.10 + ENA 2750.11,Legal document,5341,Anno Mundi,1580-09-10/1581-08-28
11407,ENA 2634.14 + ENA 2634.13,Legal document,1201,Hijrī,1786-10-24/1787-10-12
11410,ENA 2562.3,Legal document,14 Elul 5321,Anno Mundi,1561-08-26
11413,ENA 4011.62,Legal document,Av 1466,Seleucid,1155
11417,ENA 2738.24,Legal document,19 Shevaṭ 5585,Anno Mundi,1825-02-07
11418,ENA 2806.14,Legal document,Middle third of Sivan 4895,Anno Mundi,1135
11423,ENA NS 18.11,Legal document,[14]56,Seleucid,1144-08-31/1145-09-19
11424,ENA 2558.19,Legal document,Ṭevet 1525,Seleucid,1213-12
11425,ENA NS 59.34,Legal document,10 Tevet 5325,Anno Mundi,1564-12-14
11426,ENA NS 47.11,Legal document,"Thursday, 29 Tammuz 5437",Anno Mundi,1677-07-29
11427,ENA NS 49.23,Legal document,"Monday, 22 Adar II 5456",Anno Mundi,1696-03-26
11428,ENA NS 56.6,Legal document,Tammuz 5562,Anno Mundi,1802-07-01/1802-07-29
11429,ENA NS 51.28,Legal document,1 Shevat 5578,Anno Mundi,1818-01-08
11430,ENA NS 53.27,Legal document,28 Heshvan 5557,Anno Mundi,1796-11-29
11437,ENA 4011.2,Legal document,Kislev 1454,Seleucid,1133
11443,ENA 2461.18,Legal document,9 Kislev 1527,Seleucid,1215/1216
11462,ENA 3905.1,Legal document,9 Ramaḍān 883,Hijrī,1478-04-04/1479-03-24
11464,ENA 4010.46,Legal document,[13]57,Seleucid,1045/1046
11472,ENA NS 17.27,Legal document,"Sunday, 21 Av 4813",Anno Mundi,1053-08-08
11483,ENA NS 38.4,Letter,439,Hijrī,1047-06-28/1048-06-15
11485,ENA NS 45.14,Legal document,15 Adar II 5578,Anno Mundi,1818-03-23
11489,ENA NS 47.7,Letter,Sivan 5575,Anno Mundi,1815-06-09/1815-07-08
11493,ENA NS 63.15,Legal document,first decade of Kislev 5439,Anno Mundi,1678-11-16/1678-11-25
11503,ENA NS 71.1,Legal document,25 Shaʿbān 1280,Hijrī,1864-02-04
11509,ENA 4011.47,Legal document,last third of Shevaṭ 1448,Seleucid,1137-01-15/1137-01-24
11511,ENA NS I.94c,Legal document,first decade of Ḥeshvan 1548,Seleucid,1236-10-02/1236-10-11
11512,ENA 4011.37,Legal document,1492,Seleucid,1180-09-22/1181-09-11
11513,ENA 2562.1,Legal document,"Monday, 11 Ṭevet 1800",Seleucid,1488-12-15
11514,ENA NS 7.23,Legal document,first decade of Av 1456,Seleucid,1145
11517,ENA 2559.7a,Legal document,4974,Anno Mundi,1213-09-17/1214-09-05
11519,ENA NS I.93b,Legal document,6 Adar II 1546,Seleucid,1235
11536,ENA 4011.58,Legal document,Av 1433,Seleucid,1122-07-07/1122-08-05
11537,"MS 8254, fol. 17a",Legal document,4976,Anno Mundi,1215/1216
11539,ENA 3960.7,Legal document,909,Hijrī,1503-06-26/1504-06-13
11540,ENA 3960.9,Legal document,20 Rabīʿ I 909,Hijrī,1503-09-12
11543,ENA 2557.148,Legal document,"Monday, 18 Kislev 1390",Seleucid,1078-11-26
11554,ENA 2558.17,Legal document,1540,Seleucid,1228/1229
11555,ENA 2558.30d,Legal document,14 Sivan 156[.],Seleucid,1250/1258
11571,ENA NS I.96b,Legal document,1522,Seleucid,1211-06-15/1212-06-02
11573,ENA 2556.2b,Legal document,Elul 1308,Seleucid,0997-08-08/0997-09-05
11583,ENA NS 47.27,Legal document,"Friday, 4 Tammuz 5279",Anno Mundi,1519-06-03
11584,ENA NS 49.31,Legal document,13 Heshvan 5311,Anno Mundi,1550-10-23
11585,ENA NS 50.32,Legal document,"Tuesday, 25 Ḥeshvan 1362",Seleucid,1050-11
11586,ENA NS 51.22,Legal document,Sivan 5581,Anno Mundi,1821-06-01/1821-06-30
11587,ENA NS 54.7,Legal document,Elul 5376,Anno Mundi,1616-08-14/1616-09-11
11589,ENA NS 58.30,Legal document,Shevat 5624,Anno Mundi,1864-01-09/1864-02-07
11591,ENA NS 62.23,Legal document,Av – Elul 1527,Seleucid,1216-07-18/1216-09-14
11596,"MS 9160, fol. 3",Letter,5375,Anno Mundi,1614-09-04/1615-09-23
11610,ENA 2634.2 + ENA 2634.1,Letter,7 Av 5656,Anno Mundi,1896-07-17
11628,ENA 2875.40,Letter,Adar II 1535,Seleucid,1224-02-23/1224-03-22
11679,ENA 3913.4,Legal document,20 Shawwāl 815,Hijrī,1413-01-23
11682,ENA 3914.3,Legal document,Dhū l-Ḥijja 442,Hijrī,1051-04-16/1051-05-14
11697,ENA 3956.19,Legal document,4 Ramaḍān 545,Hijrī,1150-12-25
11700,ENA 3974.1,Legal document,19 Shaʿbān 955,Hijrī,1548-09-05/1548-10-03
11703,ENA 3975.1,Letter,438,Hijrī,1046-07-08/1047-06-27
11720,ENA NS 17.34,Letter,End of Iyyar 5791,Anno Mundi,1031
11735,ENA NS 29.19,Legal document,Sivan 5578,Anno Mundi,1818-06-05/1818-07-04
11737,ENA NS 29.22,Letter,1 Tammuz 5499,Anno Mundi,1739-07-07
11747,ENA NS 31.24,Letter,Adar 5603,Anno Mundi,1843-02-01/1843-03-02
11766,ENA NS 36.19,Letter,12 Tammuz 5559,Anno Mundi,1799-07-15
11767,ENA NS 36.29,Letter,29 Av 5574,Anno Mundi,1814-08-15
11794,ENA NS 47.13,Letter,5375,Anno Mundi,1614-09-04/1615-09-23
11795,ENA NS 47.14,Letter,6 Kislev 5439,Anno Mundi,1678-11-21
11799,ENA NS 47.3,Letter,Sivan 1528,Seleucid,1217-05-09/1217-06-07
11808,ENA NS 53.23,Letter,5539,Anno Mundi,1778-09-22/1779-09-10
11838,ENA NS 7.17 + ENA NS 7.16,Legal document,"Monday, 4 Av 1758",Seleucid,1447-07-17
11853,ENA NS 7.56,Legal document,Adar I 4834,Anno Mundi,1074-02-01/1074-03-02
11885,ENA NS 77.100,Letter,25 Av 4975,Anno Mundi,1215-07-23
11997,ENA 3787.7,Legal document,449,Hijrī,1057-03-10/1058-02-27
11998,ENA 3957.11,Credit instrument or private receipt,18 Ramaḍān 438,Hijrī,1047-03-18
12003,ENA 3958.5,Legal document,16 Rabīʿ I 911,Hijrī,1505-08-17
12004,ENA 3975.3,Legal document,544,Hijrī,1149-05-11/1150-04-29
12005,ENA 3975.6,Legal document,27 Dhū l-Qaʿda 569,Hijrī,1174-06-29
12008,ENA NS 33.30,Credit instrument or private receipt,Rabīʿ al-Awwal 1259,Hijrī,1843
12030,ENA 4101.2,Letter,5300,Anno Mundi,1539-09-13/1540-09-01
12210,ENA NS 63.14,Letter,3 Heshvan 5584,Anno Mundi,1823-10-08
12212,ENA NS 63.3,Letter,"Friday, 14 Sivan 5577",Anno Mundi,1817-05-29
12213,ENA NS 63.5,Letter,5 Tammuz 5587,Anno Mundi,1827-06-30
12276,ENA 2560.5,Letter,1 Ḥeshvan 1463,Seleucid,1151-10-13
12297,ENA 2558.29,Letter,10 Sivan 4999,Anno Mundi,1239-05-15
12306,ENA NS 63.6,Letter,Iyyar 2150,Seleucid,1839-04-15/1839-05-13
12321,ENA 2560.7,Letter,12 Elul 5566,Anno Mundi,1806-08-26
12322,ENA 2560.8,Letter,1 Elul 5568,Anno Mundi,1808-08-24
12334,ENA NS 50.12,Letter,5148,Anno Mundi,1387-09-14/1388-09-02
12346,ENA NS I.97,Letter,1 Kislev 5415,Anno Mundi,1654-09-12/1655-10-01
12383,ENA NS 39.14,Letter,12 Av [5]374,Anno Mundi,1614-07-18
12403,ENA 3997.1,Letter,10 Nisan 5528,Anno Mundi,1768-03-28
12416,ENA 1822a.80,Legal document,742,Hijrī,1341-06-17/1342-06-05
12453,ENA 2727.45,Letter,"Monday, 17 Ḥeshvan [5318]",Anno Mundi,1557-10-11
12527,ENA 2715.20 + ENA 2715.21 + ENA 2715.19,List or table,26 Sivan 5632,Anno Mundi,1872-07-02
12528,ENA 2715.19 + ENA 2715.21 + ENA 2715.20,List or table,26 Sivan 5632,Anno Mundi,1872-07-02
12529,ENA 2715.19 + ENA 2715.20 + ENA 2715.21,List or table,26 Sivan 5632,Anno Mundi,1872-07-02
12533,ENA 2898.4 + ENA 2898.3,List or table,20 Ramaḍān (9)46,Hijrī,1540-01-29
12553,ENA 3362.8,Legal document,Shevaṭ 1536,Seleucid,1225-01-11/1225-02-09
12584,ENA 3909.9,Credit instrument or private receipt,Rajab 527,Hijrī,1133-05-08/1133-06-06
12599,ENA NS 29.11,List or table,Adar I 5364,Anno Mundi,1604-02-02/1604-03-02
12615,ENA NS 36.7,Legal document,5585,Anno Mundi,1824-09-23/1825-09-12
12664,ENA NS 71.12,State document,403-12-25,Hijrī,1012-07-23/1013-07-12
12692,ENA NS I.50,List or table,Iyyar 5411,Anno Mundi,1651-04-22/1651-05-20
12720,ENA NS 11.16,List or table,Rabīʿ I 441,Hijrī,1049-08-03/1049-09-01
12724,ENA NS I.96a,Letter,1496,Seleucid,1184-09-08/1185-08-28
12748,ENA 3730.10,List or table,19 Muharram 1058,Hijrī,1648-02-14
12789,ENA 2099.9,List or table,Kislev 1527,Seleucid,1215/1216
12798,ENA 1822a.82 + ENA 1822a.83 + ENA 1822a.83a + ENA NS 27.7 + ENA NS 39.2,List or table,28 Nisan 5492,Anno Mundi,1732-04-23
12852,ENA 3306.1,Legal document,5544,Anno Mundi,1783-09-27/1784-09-15
12853,ENA 3306.2,Legal document,5544,Anno Mundi,1783-09-27/1784-09-15
12855,ENA 3306.4,Legal document,"Friday, 14 Adar II 5518",Anno Mundi,1758-03-24
12856,ENA 3306.6,Legal document,26 Elul 5545,Anno Mundi,1785-09-01
12872,ENA NS 29.20,Legal document,"Sunday, 14 Tishrei 5557",Anno Mundi,1796-10-16
12879,ENA NS 30.5,Legal document,29 Shevat 5535,Anno Mundi,1775-01-30
12881,ENA NS 31.23,Legal document,5579,Anno Mundi,1818-10-01/1819-09-19
12883,ENA NS 50.2,Legal document,4 Nisan 2151,Seleucid,1840-04-07
12884,ENA NS 54.19,Legal document,Shevaṭ 2005,Seleucid,1694-01-27/1694-02-25
12885,ENA NS 56.7,Legal document,15 Sivan 5566,Anno Mundi,1806-06-01
12887,ENA NS 31.7,Legal document,1 Tammuz 5569,Anno Mundi,1809-06-15
12892,ENA 4100.24a,Letter,Ṣafar 481,Hijrī,1088-04-26/1088-05-24
12939,ENA NS 76.13,Legal document,17[..],Seleucid,1388/1488
13140,ENA NS 76.435.6 + ENA NS 76.435.7,Legal document,"Wednesday, 15 [Kislev] 1500",Seleucid,1188-12
13556,ENA NS 77.334 + ENA NS 77.231,List or table,Ramaḍān 4[..],Hijrī,1011/1106
13600,ENA NS 77.278,Paraliterary text,Rabīʿ I 1023,Hijrī,1614-04-11/1614-05-10
13625,ENA NS 77.31,List or table,Muḥarram 1003,Hijrī,1594-09-16/1594-10-15
13677,ENA NS 77.373,List or table,14 Muḥarram 946,Hijrī,1539-06-01
14194,ENA NS 83.18,Legal document,432,Hijrī,1040-09-11/1041-08-30
15715,ENA 1177.31,,1912,Seleucid,1600-09-09/1601-09-26
15720,ENA NS I.93a,Letter,23 Ḥeshvan 1539,Seleucid,1227-11-11
15802,ENA 1267.1,Legal query or responsum,Shevat 1518,Seleucid,1207-01
15846,ENA 2559.6,Legal document,"Monday, 6 Elul [15]27",Seleucid,1216-08-22
15890,ENA NS 30.3,Legal document,Sivan 5488,Anno Mundi,1728-05-09/1728-06-07
15893,ENA NS 35.9,Legal document,25 Adar 5500,Anno Mundi,1740-03-24
15931,ENA 4011.76,Paraliterary text,"Friday, 13 Kislev 1460",Seleucid,1148-11-26
15932,ENA 4011.65,Legal document,Heshvan 1435,Seleucid,1123-10-22/1123-11-20
15967,ENA 1822a.97,List or table,15 Shevat 5450,Anno Mundi,1690-01-25
15981,ENA 4011.16,Legal document,middle decade of Elul 1437,Seleucid,1126-09
15989,ENA 4020.8,Letter,535,Hijrī,1140-08-17/1141-08-05
16003,ENA 624.5,,14 Shawwal 1193,Hijrī,1779-10-25
16004,ENA 624.20,,29 Muharram 1181,Hijrī,1767-06-27
16005,ENA 624.21,,27 Ramadan 1180,Hijrī,1767-02-26
16051,"Moss. Ia,1.3",Legal document,1505,Seleucid,1193/1194
16056,"Moss. V,376",Legal document,1441,Seleucid,1129-09-16/1130-09-05
16059,"Moss. V,394.1",Legal document,"Monday, 8 Adar I 5293",Anno Mundi,1533-02-03
16067,"Moss. VII,16.2",Legal document,5305,Anno Mundi,1544-09-18/1545-09-06
16069,"Moss. VII,20.1",Legal document,"Monday, 26 Ḥeshvan 5342",Anno Mundi,1581-10-23
16078,"Moss. VII,4.1",Legal document,"Wednesday, 8 Dhū l-Qaʿda 419",Hijrī,1028-11-28
16079,"Moss. VII,40.2 + T-S Ar.50.73",Legal document,Shevaṭ 1432,Seleucid,1120-12-23/1121-01-21
16080,"Moss. VII,41.1",Legal document,"Wednesday, 12 Shevat 5321",Anno Mundi,1561-01-29
16082,"Moss. VII,48.2",Legal document,[5]326,Anno Mundi,1565-08-27/1566-09-13
16083,"Moss. VII,50.2",Legal document,Sivan 1434,Seleucid,1123-05-27/1123-06-25
16086,"Moss. VII,58.1",Legal document,"Thursday, 23 Ḥeshvan 1542",Seleucid,1230-10-31
16088,"Moss. VII,72",Legal document,"Thursday, 27 Elul 1535",Seleucid,1224-09-13
16090,"Moss. VII,79.1",Legal document,14 Ḥeshvan 1578,Seleucid,1266-10-14
16092,"Moss. VII,84.2",Legal document,1556,Seleucid,1244-09-05/1245-09-22
16099,"Moss. VII,9.5",Legal document,1454,Seleucid,1142-09-22/1143-09-10
16103,"Moss. VII,96.1",Legal document,[14]61,Seleucid,1149-09-05/1150-09-22
16110,T-S 10J13.25,Legal document,1 Tammuz 5249,Anno Mundi,1489-05-31
16111,T-S 10J13.28,Legal document,Kislev 5479,Anno Mundi,1718-11-24/1718-12-22
16112,T-S 10J28.5,Legal document,First decade of Elul 1447,Seleucid,1136-07-31/1136-08-09
16113,"MS 9160, fol. 7 + T-S 10J4.19",Legal document,Shevaṭ 5564,Anno Mundi,1804-01-14/1804-02-12
16114,T-S 10J6.19,Legal document,1 Adar 5562,Anno Mundi,1802-02-03
16115,T-S 10J6.20,Legal document,Heshvan 5570,Anno Mundi,1809-10-11/1809-11-08
16116,T-S 10J6.21,Legal document,14 Nisan 5576,Anno Mundi,1816-04-12
16124,T-S 13J18.30,Legal document,Elul 5586,Anno Mundi,1826-09-03/1826-09-12
16125,T-S 13J25.22,Legal document,5416,Anno Mundi,1655-10-02/1656-09-18
16126,T-S 13J4.17,Legal document,6 Sivan 5321,Anno Mundi,1561-05-21
16127,T-S 13J4.18,Legal document,"Wednesday, 1 Adar II 5323",Anno Mundi,1563-02-24
16128,T-S 13J4.19,Legal document,2 Iyyar 5324,Anno Mundi,1564-04-14
16129,T-S 13J4.20,Legal document,"Tuesday, 1 Shevaṭ 5329",Anno Mundi,1569-01-19
16130,T-S 13J4.21,Legal document,"Monday, 20 Av 5348",Anno Mundi,1588-08-13
16131,T-S 13J4.22,Legal document,Tammuz 5495,Anno Mundi,1735-06-21/1735-07-02
16132,T-S 13J4.23,Legal document,Tammuz 5561,Anno Mundi,1801-06-12/1801-07-10
16133,T-S 13J4.24,Legal document,15 Ḥeshvan 5579,Anno Mundi,1818-11-14
16135,T-S 13J5.7,Legal document,1 Tevet 5508,Anno Mundi,1747-12-03
16138,T-S 13J6.8,Legal document,Shevaṭ 47[..],Anno Mundi,1038-12-30/1039-01-28
16139,T-S 13J8.10,Legal document,Tishrei 5304,Anno Mundi,1543-08-30/1543-09-28
16143,T-S 12.539 + T-S 16.66,Legal document,1277,Seleucid,0965-08-31/0966-09-17
16144,T-S 18J1.35,Legal document,1 Tammuz 5509,Anno Mundi,1749-06-17
16148,T-S 20.22,Legal document,first decade of Ḥeshvan 1459,Seleucid,1147-09-27/1147-10-06
16150,T-S 28.2,Legal document,1329,Seleucid,1017-09-24/1018-09-12
16152,T-S 6Ja2,Legal document,1324,Seleucid,1002
16153,T-S 6J11.4,Legal document,1352,Seleucid,1042
16157,T-S 6J12.12,Legal document,Tammuz 1531,Seleucid,1220-05/1220-06
16160,T-S 6J12.4,Legal document,"Sunday, 21 Iyyar 1531",Seleucid,1220-04-26
16161,T-S 6J12.5,Legal document,Ṭevet 1444,Seleucid,1132-12-11/1133-01-08
16165,T-S 6J2.34,Legal document,Kislev 5527,Anno Mundi,1766-11-03/1766-12-02
16186,T-S 8.170,Legal document,12 Nisan 1576,Seleucid,1265-03-30
16204,T-S 8.240,Legal document,"Friday, 23 Ḥeshvan 1440",Seleucid,1128-10-19
16205,T-S 8.242,Legal document,Adar II 1456,Seleucid,1145-02-26/1145-03-26
16210,T-S 8J11.12,Legal document,1435,Seleucid,1123-09-22/1124-09-10
16213,T-S 8J20.33,Legal document,1 Shevat 5579,Anno Mundi,1819-01-27
16216,T-S 8J34.7,Legal document,1438,Seleucid,1126-09-20/1127-09-07
16219,T-S 8J6.20,Legal document,3 Shevat 5316,Anno Mundi,1556-01-15
16220,T-S 8J6.21,Legal document,17 Ṭevet 5318,Anno Mundi,1557-12-08
16221,T-S 8J6.22,Legal document,"Tuesday, 17 Sivan 5323",Anno Mundi,1563-06-08
16222,T-S 8J6.23,Legal document,Tammuz 5417,Anno Mundi,1657-06-22/1657-07-01
16223,T-S 8J6.24,Legal document,15 Kislev 5562,Anno Mundi,1801-11-20
16227,T-S 8J8.23,Legal document,"Monday, 12 Iyyar 5337",Anno Mundi,1577-04-29
16232,T-S Ar.18(1).136,Legal document,1469/1471,Seleucid,1158/1160
16242,T-S Ar.34.18,State document,24 Muḥarram 404,Hijrī,1013-08-05
16243,T-S Ar.34.89,State document,3 Ramaḍān 402,Hijrī,1012-03-29
16245,T-S Ar.38.114,Legal document,10 Rajab 511,Hijrī,1117-11-07
16247,T-S Ar.38.138,State document,495/524,Hijrī,1101/1130
16251,T-S Ar.38.66,Legal document,14 Jumādā II 559,Hijrī,1164-05-09
16253,T-S Ar.38.85,Legal document,Jumādā II 463,Hijrī,1071-03-06/1071-04-03
16255,T-S Ar.39.205,State document,25 Dhū l-Ḥijja 403,Hijrī,1013-07
16256,T-S Ar.39.26,State document,27 Ṣafar 405,Hijrī,1014-08-27
16258,T-S Ar.40.142.1,State document,17 Dhū l-Qaʿda 405,Hijrī,1015-05-09
16260,T-S Ar.41.92,Legal document,497,Hijrī,1103-10-05/1104-09-22
16262,T-S Ar.42.174,Legal document,first decade of Ramaḍān 483,Hijrī,1090-10-28/1090-11-07
16264,T-S Ar.51.110,Legal document,5 Dhū l-Qaʿda 520,Hijrī,1126-11-22
16265,T-S Ar.53.44,Legal document,13 Ṣafar 554,Hijrī,1159-03-06
16272,T-S AS 130.79,Legal document,Adar 1432,Seleucid,1121-01-22/1121-02-20
16273,T-S AS 145.101,Legal document,Elul 143[.],Seleucid,1119/1128
16290,T-S AS 145.249,Legal document,15 Ḥeshvan 1410,Seleucid,1098
16300,T-S AS 145.294,Legal document,1454,Seleucid,1142-09-22/1143-09-10
16307,T-S AS 145.344,Legal document,Kislev 152[.],Seleucid,1208/1217
16310,T-S AS 145.358,Legal document,Av 1486,Seleucid,1175-07-21/1175-08-19
16325,T-S AS 145.68,Legal document,Elul 1423,Seleucid,1112
16329,T-S AS 145.84,Legal document,1507,Seleucid,1195-09-07/1196-08-25
16330,T-S AS 145.93,Legal document,[14]61,Seleucid,1149/1150
16352,T-S AS 146.410,Legal document,1436,Seleucid,1124-09-11/1125-08-30
16357,T-S AS 146.458,Legal document,Av 1400,Seleucid,1089-07-11/1089-08-09
16362,T-S AS 146.61,Legal document,First decade of Iyyar 1438,Seleucid,1127
16382,T-S AS 70.116 + T-S AS 147.63,Legal document,"Monday, 18 Adar II 1436",Seleucid,1125-03-24
16391,T-S AS 148.112,Legal document,Sivan 1415,Seleucid,1104-05-27/1104-06-25
16398,T-S AS 148.173,Legal document,1437,Seleucid,1125/1126
16403,T-S AS 148.41,Legal document,Av 1446,Seleucid,1135-07-13/1135-08-11
16421,T-S AS 149.207,Legal document,1436,Seleucid,1124/1125
16432,T-S AS 149.266,Legal document,1435,Seleucid,1123-09-22/1124-09-10
16451,T-S AS 150.14 + T-S AS 151.101,Legal document,before Sukkot 1684,Seleucid,1372-09
16459,T-S AS 150.191,Legal document,18 Kislev 1470,Seleucid,1158-11-10
16463,T-S AS 150.215,Legal document,[13]75,Seleucid,1063-08-28/1064-09-13
16467,T-S AS 150.24,Legal document,Tammuz 1503,Seleucid,1192-06-24/1192-07-03
16479,T-S AS 151.114,Legal document,1411,Seleucid,1099-09-19/1100-09-05
16484,T-S AS 151.166,Legal document,Elul 1460,Seleucid,1149-08-07/1149-09-04
16485,T-S AS 151.175,Legal document,1557,Seleucid,1245-09-23/1246-09-12
16486,T-S AS 151.188,Legal document,"Thursday, 28 Adar 1409",Seleucid,1098-03-04
16487,T-S AS 151.19,Legal document,last decade of Shevaṭ [5]141,Anno Mundi,1381-01-16/1381-01-25
16489,T-S AS 151.194,Paraliterary text,"Sunday, 1 Sivan [1]417",Seleucid,1106-05-06
16490,T-S AS 151.213,Legal document,"Friday, 27 Sivan 1817",Seleucid,1506-06-19
16507,T-S AS 151.242 + T-S AS 151.243 + T-S AS 151.247 + T-S AS 151.248 + T-S AS 151.249 + T-S AS 151.250 + T-S AS 151.251 + T-S AS 151.254 + T-S AS 151.255 + T-S AS 151.256 + T-S AS 166.180,Legal document,Middle third of Ṭevet 1435,Seleucid,1123-12-31/1124-01-08
16513,T-S AS 151.26,Legal document,1770,Seleucid,1458-09-09/1459-08-29
16524,T-S AS 151.298,Legal document,Elul 1437,Seleucid,1126-08-22/1126-09-19
16526,T-S AS 151.35,Legal document,1435,Seleucid,1123-09-22/1124-09-10
16533,T-S AS 151.66,Legal document,48[..],Anno Mundi,1039/1139
16543,T-S AS 152.198,Legal document,14[..],Seleucid,1089/1188
16553,T-S AS 152.281,Legal document,15[..],Seleucid,1198/1298
16579,T-S AS 153.119,Legal document,1540,Seleucid,1228/1229
16582,T-S AS 153.139,Legal document,1435,Seleucid,1123/1124
16591,T-S AS 153.201,Legal document,1476,Seleucid,1165/1166
16609,T-S AS 153.346,Legal document,14[..],Seleucid,1088/1188
16631,T-S AS 153.410,Legal document,Adar II 1413,Seleucid,1102
16635,T-S AS 153.426,Legal document,Elul 1528,Seleucid,1217-08-06/1217-09-03
16644,T-S AS 153.66,Legal document,"Thursday, 21 Tammuz 1453",Seleucid,1142-07-16
16651,T-S AS 154.121,Legal document,"Sunday, 7 Tishrei 1532",Seleucid,1220-09-06
16657,T-S AS 154.416,Letter,Elul 1505,Seleucid,1194
16693,T-S AS 157.542 + T-S AS 157.543,Legal document,1428,Seleucid,1116-09-09/1117-08-29
16707,T-S AS 160.149 + T-S AS 169.146 + T-S NS 257.40,Legal document,last decade of Tishrei 1475,Seleucid,1163-09-20/1163-09-29
16717,T-S AS 161.4,Legal document,Rabīʿ II 873,Hijrī,1468-10-19/1468-11-16
16719,T-S AS 176.257,State document,5 Ramaḍān 403,Hijrī,1013-03-20
16720,T-S AS 177.330,State document,6 Ramaḍān 405,Hijrī,1015-02-28
16721,T-S AS 177.414,Legal document,24 Rabīʿ I 601,Hijrī,1204-11-19
16722,T-S AS 181.163,State document,Jumādā II 439,Hijrī,1047-11-23/1047-12-21
16723,T-S AS 181.225,State document,Middle of Dhū l-Qaʿda 403,Hijrī,1013-05
16724,T-S AS 181.226,State document,Beginning of Dhū l-Ḥijja 403,Hijrī,1013-06
16725,T-S AS 182.278,Legal document,621–29,Hijrī,1224/1231
16726,T-S AS 183.66,State document,13 Jumādā II 403,Hijrī,1012-12-30
16727,T-S AS 184.45,State document,30 Jumādā I 403,Hijrī,1012-12-17
16740,T-S Misc.20.155,Legal document,Muḥarram 410,Hijrī,1019-05-09/1019-06-07
16742,T-S Misc.22.14,State document,3 Dhū l-Ḥijja 403,Hijrī,1013-06
16743,T-S NS 305.1,Legal document,First half of 420,Hijrī,1029
16747,T-S NS 327.51,Legal document,First decade of Rabīʿ II 660,Hijrī,1262-02
16766,T-S Ar.34.38,State document,7 Ṣafar 404,Hijrī,1013-08-18
16769,T-S AS 183.28,State document,Rajab 495,Hijrī,1102-04-21/1102-05-20
16794,T-S 13J30.1,Legal document,1466,Seleucid,1154-09-09/1155-08-29
16798,T-S Ar.38.140,State document,423,Hijrī,1031-12-19/1032-12-06
16800,T-S 16.49,Legal document,"Monday, 26 Nisan 1298",Seleucid,0987-03-28
16803,T-S AS 146.102,Legal document,1543,Seleucid,1231-08-30/1232-09-15
16867,"Moss. II,140",Letter,Ḥeshvan 5525,Anno Mundi,1764-10-27/1764-11-24
16945,"Moss. IV,93",Letter,"Thursday, 12 Kislev [5318 AM]",Anno Mundi,1557-11-04
16997,T-S 10J12.32,Letter,17 Shevaṭ 5500,Anno Mundi,1740-02-15
17002,T-S 10J13.27,Letter,17 Heshvan 5585,Anno Mundi,1824-11-08
17003,T-S 10J13.29,Letter,7 Tishrei 5568,Anno Mundi,1807-10-09
17011,T-S 10J16.29,Letter,27 Av 5599,Anno Mundi,1839-08-07
17013,T-S 10J16.31,Letter,17 Sivan 5646,Anno Mundi,1886-06-20
17018,T-S 10J19.23,Letter,15 Shevaṭ 5488,Anno Mundi,1728-01-26
17019,T-S 10J19.24,Letter,Shevat 5567,Anno Mundi,1807-01-10/1807-02-08
17020,T-S 10J19.25,Letter,20 Sivan 5568,Anno Mundi,1808-06-15
17022,T-S 10J20.22,Letter,5563,Anno Mundi,1802-09-27/1803-09-16
17028,T-S 10J6.18,Legal document,15 Shevaṭ 5505,Anno Mundi,1745-01-18
17044,T-S 13J25.23,Letter,28 Elul 5324,Anno Mundi,1564-09-05
17045,T-S 13J25.24,Letter,4 Shevaṭ 5566,Anno Mundi,1806-01-23
17050,T-S 13J9.13,Letter,Kislev 5567,Anno Mundi,1806-11-12/1806-12-11
17053,T-S 13J9.18,Letter,Shevaṭ 5562,Anno Mundi,1802-01-04/1802-02-02
17061,T-S 16.386,Letter,Iyyar [1]293,Seleucid,0982-04-27/0982-05-25
17063,T-S 16.59,Letter,5382,Anno Mundi,1621-09-16/1622-09-04
17074,T-S 24.60,Letter,1476,Seleucid,1164/1165
17119,T-S 6J5.14,Letter,Shabbat Badmibar 1651,Seleucid,1340-05-27
17135,T-S AS 153.212 + T-S 6J6.20,Letter,Kislev 1528,Seleucid,1216-11-13/1216-12-12
17145,T-S 6J7.13,Legal document,Ṣafar 523,Hijrī,1129-01-24/1129-02-21
17193,T-S 8J15.30,Letter,"Tuesday, 4 Iyyar 5320",Anno Mundi,1560-04-30
17204,T-S 8J20.32,Letter,"Sunday, 17 Av [5]529",Anno Mundi,1769-08-20
17403,T-S AS 146.342,Letter,23 Adar 4975,Anno Mundi,1215-02-24
17461,T-S AS 147.225,List or table,Tammuz 1465,Seleucid,1154-06-13/1154-07-11
17705,T-S AS 151.99,Letter,4 Iyyar 1553,Seleucid,1242-04-06
17784,T-S AS 152.67,Letter,"Sunday, 13 Ḥeshvan 1529",Seleucid,1217
17882,T-S AS 153.9,Letter,Tishrei 4898,Anno Mundi,1137-09-18/1137-10-17
18098,T-S 6J8.7,List or table,25 Sivan 1444,Seleucid,1133-05-31
18203,T-S 10J16.33,List or table,18 Shaʿbān – 15 Ramaḍān 934,Hijrī,1528-05-08/1528-06-03
18232,T-S AS 146.23,List or table,465,Hijrī,1072-09-17/1073-09-05
18502,"T-S AS 102.100 + MS L596, fol. 39",State document,413,Hijrī,1022-04-06/1023-03-25
18515,T-S 8.259,List or table,Ṣafar 530,Hijrī,1135-11-10/1135-12-08
18566,T-S H10.173,Legal document,10-20 Shaʿbān 448,Hijrī,1056-10/1056-11
18575,T-S Ar.38.80,Legal document,Rabīʿ II 519,Hijrī,1125-05-07/1125-06-04
18576,T-S Ar.39.391,State document,548/549,Hijrī,1153/1154
18583,T-S 16.221,Legal document,"Thursday, 1 Shevaṭ 4746",Anno Mundi,0986-01-14
18588,T-S AS 146.447 + T-S AS 146.448 + T-S AS 146.446,Legal document,Middle ten days of Av 1425,Seleucid,1114-07
18594,T-S AS 150.220,Legal document,Tammuz 1464,Seleucid,1153-06-25/1153-07-23
18599,T-S AS 178.233,State document,22 Jumādā I 403,Hijrī,1012-12-09
18619,T-S 13J4.15,Legal document,Kislev 1791,Seleucid,1479-09-16/1480-09-04
18620,T-S 13J5.8,Legal document,5578,Anno Mundi,1817-09-11/1818-09-30
18624,"Moss. VII,56",Legal document,26 Shevaṭ 1[5]40,Seleucid,1229-01-22
18626,"Moss. VII,79.2",Legal document,"Monday, 11 Sivan 1455",Seleucid,1144-05-15
18628,"Moss. VII,89.2",Legal document,Tammuz 1[4]50,Seleucid,1139-06-01/1139-06-29
18634,T-S AS 146.31,Legal document,[4]84[.],Anno Mundi,1079/1089
18635,"Moss. V,206",Legal document,"Tuesday, 13 Tishrei 1613",Seleucid,1301-09-16
18637,"Moss. VII,19",Legal document,"Wednesday, 6 Tammuz 2210",Seleucid,1899-06-14
18642,"Moss. VII,90.1",Legal document,[13]52,Seleucid,1040/1041
18646,T-S 16.76,Legal document,Ḥeshvan 1604,Seleucid,1292-10-13/1292-11-11
18693,T-S AS 154.1,Legal document,6 Rabīʿ II 866,Hijrī,1462-01-08
18700,T-S 20.42,Legal document,"Thursday, 9 Shevaṭ 1373",Seleucid,1062-01-22
18705,T-S 8J8.11,Legal document,1 Ḥeshvan 5326,Anno Mundi,1565-09-26
18707,T-S Ar.40.13,State document,8 Rabīʿ II 404,Hijrī,1013-10-17
18708,"Moss. VII,21.1",Legal document,"Sunday, 27 Nisan 1581",Seleucid,1270-04-20
18740,T-S AS 144.7,Paraliterary text,5 Elul 5576,Anno Mundi,1816-08-29
18762,T-S AS 102.239,Paraliterary text,Iyyar 1540,Seleucid,1229-04-26/1229-05-24
18776,T-S AS 146.232,Letter,[1]354,Seleucid,1042-09-18/1043-09-07
18905,T-S AS 148.120,Letter,4890,Anno Mundi,1129-09-16/1130-09-05
18908,T-S AS 149.112,State document,520,Hijrī,1126-01-27/1127-01-16
18939,T-S AS 150.32,Legal document,518,Hijrī,1124-02-19/1125-02-06
18979,T-S Ar.30.184.1,Credit instrument or private receipt,Av 1451,Seleucid,1140
18980,T-S Ar.30.184.10,Credit instrument or private receipt,Av 1451,Seleucid,1140
18981,T-S Ar.30.184.11,Credit instrument or private receipt,Av 1451,Seleucid,1140
18982,T-S Ar.30.184.12,Credit instrument or private receipt,Av 1451,Seleucid,1140
18983,T-S Ar.30.184.13,Credit instrument or private receipt,Av 1451,Seleucid,1140
18984,T-S Ar.30.184.14,Credit instrument or private receipt,Av 1451,Seleucid,1140
18985,T-S Ar.30.184.15,Credit instrument or private receipt,Av 1451,Seleucid,1140
18986,T-S Ar.30.184.16,Credit instrument or private receipt,Av 1451,Seleucid,1140
18987,T-S Ar.30.184.17,Credit instrument or private receipt,Av 1451,Seleucid,1140
18988,T-S Ar.30.184.18,Credit instrument or private receipt,Av 1451,Seleucid,1140
18989,T-S Ar.30.184.19,Credit instrument or private receipt,Av 1451,Seleucid,1140
18990,T-S Ar.30.184.2,Credit instrument or private receipt,Av 1451,Seleucid,1140
18991,T-S Ar.30.184.20,Credit instrument or private receipt,Av 1451,Seleucid,1140
18992,T-S Ar.30.184.3,Credit instrument or private receipt,Av 1451,Seleucid,1140
18993,T-S Ar.30.184.4,Credit instrument or private receipt,Av 1451,Seleucid,1140
18994,T-S Ar.30.184.5,Credit instrument or private receipt,Av 1451,Seleucid,1140
18995,T-S Ar.30.184.6,Credit instrument or private receipt,Av 1451,Seleucid,1140
18996,T-S Ar.30.184.7,Credit instrument or private receipt,Av 1451,Seleucid,1140
18997,T-S Ar.30.184.8,Credit instrument or private receipt,Av 1451,Seleucid,1140
18998,T-S Ar.30.184.9,Credit instrument or private receipt,Av 1451,Seleucid,1140
19016,BL OR 10126(1).4,Legal document,1608,Seleucid,1296-08-30/1297-09-18
19061,BL OR 10578H.25,Legal document,Shawwāl 1177,Hijrī,1764-04-03/1764-05-01
19067,BL OR 10578M.7,Legal document,454,Hijrī,1062-01-15/1063-01-03
19087,BL OR 10589.3,Legal document,12 Muḥarram [4]47,Hijrī,1055-04-13
19088,BL OR 10590.1,Legal document,"Sunday, 2 Ṭevet 5323",Anno Mundi,1562-11-28
19102,BL OR 10653.1,Legal document,"Friday, 9 Tammuz 2191",Seleucid,1880-06-18
19105,BL OR 10653.13,Legal document,"Friday, 15 Sivan 2176",Seleucid,1865-06-09
19110,BL OR 10653.18,Legal document,Adar 1408 – Kislev 1409,Seleucid,1097-02-16/1097-12-07
19115,BL OR 10653.4,Legal document,"Sunday, 2 Nisan 5626",Anno Mundi,1866-03-18
19117,BL OR 10653.6,Legal document,5 Tevet 5637,Anno Mundi,1876-12-21
19118,BL OR 10653.7,Legal document,13 Elul 5651,Anno Mundi,1891-09-16
19119,BL OR 10653.8,Legal document,Nisan 1368,Seleucid,1057-03-09/1057-04-07
19120,BL OR 10653.9,Legal document,Nisan 1368,Seleucid,1057-03-09/1057-04-07
19121,BL OR 10655.24,Legal document,2 Muharram 1248,Hijrī,1832-06-01
19122,BL OR 10655.25,Legal document,2 Ṣafar 1248,Hijrī,1832-07-01
19124,BL OR 10656.14,Legal document,Nisan 1421,Seleucid,1110-03-24/1110-04-22
19125,BL OR 10656.3,Legal document,Kislev 13[..],Seleucid,988/1088
19135,BL OR 12136.1,Legal document,5th Ḥeshvan 1403,Seleucid,1091-10-20
19137,BL OR 12299.12 + T-S 8.123,Legal document,A Monday in the last decade of Tammuz 1[4]34,Seleucid,1123
19142,BL OR 12299.19,Legal document,145[.],Seleucid,1138-09-08/1148-09-15
19160,BL OR 12369.9 + BL OR 12369.9a,Letter,18 Av 5549,Anno Mundi,1789-08-10
19173,BL OR 13153.4/3,Legal document,1428,Seleucid,1116-09-09/1117-08-29
19191,BL OR 4856.2,Legal document,8 Av 1776,Seleucid,1465-07-31
19194,BL OR 5534.1,Legal document,19 Kislev 5422,Anno Mundi,1661-12-11
19203,BL OR 5551.1,Legal document,Shevaṭ 1462,Seleucid,1151-01-20/1151-02-18
19210,BL OR 5554A.46,Letter,Ṭevet 1498,Seleucid,1186-12-14/1187-01-11
19211,BL OR 5554A.48 + BL OR 5554A.47,Legal document,27 Tishrei 1467,Seleucid,1155-09-25
19226,BL OR 5561A.4–4a,Legal document,Nisan 5424,Anno Mundi,1664-03-27/1664-04-25
19229,BL OR 5561A.7,Legal document,1 Iyyar 5602,Anno Mundi,1842-04-11
19231,BL OR 5561B.12,Legal document,Iyyar 5260,Anno Mundi,1500-03-31/1500-04-28
19233,BL OR 5561B.14,Legal document,29 Nisan 5411,Anno Mundi,1651-04-20
19235,BL OR 5561B.16,Legal document,"Thursday, 1 Nisan 5442",Anno Mundi,1682-04-09
19236,BL OR 5561B.17,Legal document,14 Sivan 5547,Anno Mundi,1787-05-31
19237,BL OR 5561B.18,Legal document,Tammuz 5548,Anno Mundi,1788-07-06/1788-08-03
19239,BL OR 5561B.20,Legal document,Elul 5563,Anno Mundi,1803-08-19/1803-09-16
19244,BL OR 5561B.25,Legal document,1 Av 5575,Anno Mundi,1815-08-07
19276,BL OR 8661.1,Legal document,Adar II 1461,Seleucid,1150-03-01/1150-03-29
19280,Bodl. MS heb. a 2/8,Legal document,Nisan 1456,Seleucid,1145-03-27/1145-04-25
19282,Bodl. MS heb. a 3/10,Legal document,Dhū l-Qaʿda 563,Hijrī,1168-08-07/1168-09-05
19287,Bodl. MS heb. a 3/41,Legal document,5 Tishrei 5608,Anno Mundi,1847-09-15
19290,Bodl. MS heb. b 11/17 + Bodl. MS heb. b 11/18,Legal document,484,Hijrī,1091-02-23/1092-02-11
19293,T-S NS 338.46 + Bodl. MS heb. b 11/29,Legal document,1470,Seleucid,1158-08-26/1159-09-13
19298,Bodl. MS heb. b 11/6,Legal document,first third of Tammuz 1461,Seleucid,1150-06-27/1150-07-06
19299,Bodl. MS heb. b 13/41,Legal document,Adar 1522,Seleucid,1211
19317,Bodl. MS heb. c 13/4,List or table,1649,Seleucid,1337-08-28/1338-09-14
19319,Bodl. MS heb. c 27/87,Legal document,20-29 Elul 5500,Anno Mundi,1740-09-12/1740-09-21
19331,Bodl. MS heb. c 50/25,Letter,1548,Seleucid,1236-09-02/1237-09-20
19334,Bodl. MS heb. c 54/21,List or table,5576,Anno Mundi,1815-10-05/1816-09-22
19335,Bodl. MS heb. c 54/22,List or table,5576,Anno Mundi,1815-10-05/1816-09-22
19372,Bodl. MS heb. d 65/24,Legal document,1431,Seleucid,1119-09-08/1120-08-25
19373,Bodl. MS heb. d 65/25,Legal document,1438,Seleucid,1127
19383,Bodl. MS heb. d 65/37,Legal document,1595,Seleucid,1283-09-23/1284-09-11
19385,Bodl. MS heb. d 65/39,Legal document,2 Adar I 1437,Seleucid,1126-01-28
19386,Bodl. MS heb. d 65/41,Legal document,10 Iyyar 1454,Seleucid,1143-04-26
19388,Bodl. MS heb. d 65/7,Legal document,14 Ḥeshvan 1849,Seleucid,1537
19389,Bodl. MS heb. d 66/1,Legal document,16 Sivan 1394,Seleucid,1083-06-05
19390,Bodl. MS heb. d 66/100,Legal document,5514,Anno Mundi,1753-09-29/1754-09-16
19397,Bodl. MS heb. d 66/114,Legal document,1541,Seleucid,1229-09-20/1230-09-08
19435,Bodl. MS heb. d 73/16,Letter,22 Av 5568,Anno Mundi,1808-08-15
19436,Bodl. MS heb. d 73/17,Letter,22 Av 5568,Anno Mundi,1808-08-15
19437,Bodl. MS heb. d 73/18,Letter,4 Tishrei 5569,Anno Mundi,1808-09-25
19438,Bodl. MS heb. d 73/19,Letter,9 Tishrei 5569,Anno Mundi,1808-09-30
19439,Bodl. MS heb. d 73/20,Letter,1 Kislev 5569,Anno Mundi,1808-11-20
19440,Bodl. MS heb. d 73/21,Letter,3 Kislev 5569,Anno Mundi,1808-11-22
19442,Bodl. MS heb. d 73/23,Letter,5 Kislev 5569,Anno Mundi,1808-11-24
19459,Bodl. MS heb. d 76/54,Legal document,Elul 1456,Seleucid,1145-08-22/1145-09-19
19460,Bodl. MS heb. d 76/55,Legal document,1398,Seleucid,1086-09-12/1087-09-01
19464,Bodl. MS heb. d 77/10 + Bodl. MS heb. d 77/11,Legal document,Middle third of Shevaṭ 1434,Seleucid,1123-01-09/1123-01-18
19476,Bodl. MS heb. e 103/13,List or table,"Friday, 4 Sivan 5258",Anno Mundi,1498-05-25
19479,Bodl. MS heb. e 105/50,Legal document,"Friday, 23 Nisan 1434",Seleucid,1123-04-20
19482,Bodl. MS heb. e 105/53 + Bodl. MS heb. e 105/54,Letter,15 Adar 5454,Anno Mundi,1694-03-12
19486,Bodl. MS heb. e 32/51,Legal document,24 Av 2044,Seleucid,1733-08-05
19534,Bodl. MS heb. e 94/15,Legal document,10 Nisan 1549,Seleucid,1238-03-27
19538,Bodl. MS heb. e 98/57,Legal document,Shevaṭ 5307,Anno Mundi,1546-12-23/1547-01-21
19562,Bodl. MS heb. f 103/38,Legal document,13 Shevat 1442,Seleucid,1131-01-13
19622,Bodl. MS heb. f 61/47,Legal document,"Monday, 5 Tammuz 1369",Seleucid,1058-06-29
19626,Bodl. MS heb. f 61/53,Legal document,Av [148]5,Seleucid,1174-07-01/1174-07-30
19628,DK AS 3,Legal document,194[.],Seleucid,1628/1638
19633,PTS MS SCQ3067,Legal document,"Monday, 18 Adar 1365",Seleucid,1054-02-28
19636,Halper 345,Legal document,Adar 1471,Seleucid,1160
19639,T-S 16.175 + Halper 353,Legal document,4757,Anno Mundi,997
19641,Halper 357,Legal document,4 Shawwāl 763,Hijrī,1362-07-27
19642,Halper 359,Legal document,954,Hijrī,1547-02-21/1548-02-10
19644,Halper 361,Legal document,[15]48,Seleucid,1236-09-02/1237-09-20
19645,Halper 362,Legal document,"Monday, 4 Av 5386",Anno Mundi,1626-07-27
19648,Halper 368 + ENA 2727.47,Legal document,Sunday 4 Tammuz 5275,Anno Mundi,1515-06-17
19649,Halper 369,Legal document,Thursday 26 Iyyar 5306,Anno Mundi,1546-04-28
19650,Halper 370,Legal document,3 Tishrei 5370,Anno Mundi,1609-10-01
19651,Halper 371,Legal document,15 Tevet 5385,Anno Mundi,1624-12-25
19652,Halper 372,Legal document,"Monday, 14 Sivan 5401",Anno Mundi,1641-05-23
19654,Halper 374,Legal document,"Friday, 19 Adar 2203",Seleucid,1892-03-18
19671,Halper 415 + Halper 416,Letter,22 Av 5595,Anno Mundi,1835-08-17
19693,Halper 471,List or table,5463,Anno Mundi,1702-09-23/1703-09-10
19695,CUL Add.3124a,Legal document,13 Nisan 1606,Seleucid,1295-03-31
19699,CUL Add.3419,Legal document,"Thursday, 18 Iyyar 1409",Seleucid,1098-04-22
19720,CUL Or.1080 15.19,Letter,5 Tammuz 5437,Anno Mundi,1677-07-05
19723,CUL Or.1080 15.45,List or table,Elul 5353,Anno Mundi,1593-08-29/1593-09-26
19749,CUL Or.1080 4.25,Legal document,Tishrei 5468,Anno Mundi,1707-09-27/1707-10-26
19752,CUL Or.1080 4.29,Legal document,1 Av 5579,Anno Mundi,1819-07-23
19753,CUL Or.1080 4.31,Legal document,19 Tishrei 5575,Anno Mundi,1814-10-03
19754,CUL Or.1080 4.32,Legal document,Elul 5589,Anno Mundi,1829-08-30/1829-09-27
19756,CUL Or.1080 4.35,Legal document,Ṭevet 5550,Anno Mundi,1789-12-18/1790-01-15
19758,CUL Or.1080 4.40,Letter,Sivan 5579,Anno Mundi,1819-05-25/1819-06-23
19765,CUL Or.1080 4.60,Letter,Iyyar 5547,Anno Mundi,1787-04-19/1787-05-17
19766,CUL Or.1080 4.61,Legal document,777,Hijrī,1375-06-02/1376-05-20
19775,CUL Or.1080 8.6,Legal document,5601,Anno Mundi,1840-09-28/1841-09-15
19777,CUL Or.1080 9.20,Legal document,14 Nisan 5542,Anno Mundi,1782-03-29
19789,CUL Or.1080 J162,Legal document,"Wednesday, 25 Adar I 1453",Seleucid,1142-02-22
19791,CUL Or.1080 J164,Legal document,Sivan 5524,Anno Mundi,1764-06-01/1764-06-30
19792,CUL Or.1080 J165,Legal document,Kislev 5520,Anno Mundi,1759-11-21/1759-12-20
19798,CUL Or.1080 J205,Legal document,1462,Seleucid,1150-09-23/1151-09-12
19800,CUL Or.1080 J209,Letter,Ḥeshvan 5358,Anno Mundi,1597-10-13/1597-11-10
19844,CUL Or.1081 1.71,Legal document,[474]9,Anno Mundi,0988-09-15/0989-09-02
19845,CUL Or.1081 1.73,State document,30 Muḥarram 1240,Hijrī,1824-09-24
19846,AIU VII.F.9 + AIU VII.F.12 + AIU VII.F.88 + JRL SERIES B 2003 + JRL SERIES B 3546 + CUL Or.1081 2.16,List or table,5559,Anno Mundi,1798-09-11/1799-09-29
19847,CUL Or.1081 2.17,Legal document,"Friday, 20 Sivan 1600",Seleucid,1289-06-10
19851,CUL Or.1081 2.25,Legal document,"Tuesday, 8 Rajab 657",Hijrī,1259-07-01
19853,CUL Or.1081 2.32,Legal document,3 Nisan 5558,Anno Mundi,1798-03-20
19863,CUL Or.1081 2.45,Legal document,Av 5556,Anno Mundi,1796-08-05/1796-09-03
19864,CUL Or.1081 2.46,Letter,20 Shevat 5567,Anno Mundi,1807-01-29
19866,CUL Or.1081 2.55,Legal document,20 Iyyar 5482,Anno Mundi,1722-05-07
19867,CUL Or.1081 2.56,Legal document,17 Adar II 5570,Anno Mundi,1810-03-23
19869,CUL Or.1081 2.58,Legal document,Heshvan 5578,Anno Mundi,1817-10-11/1817-11-09
19892,T-S 10K15.1,Legal document,1487,Seleucid,1175-09-18/1176-09-05
19902,T-S 12.132,Legal document,2 Tishrei 4974,Anno Mundi,1213-09-17
19907,T-S 12.152,Legal document,9 Tammuz 1602,Seleucid,1291-06-08
19913,T-S 12.173,Legal document,18 Shaʿbān 421,Hijrī,1030-08-21
19957,T-S 12.385,Letter,Tammuz 1466,Seleucid,1155-06-03/1155-07-01
19963,T-S 12.406,Legal document,"Thursday, 25 Ḥeshvan 1628",Seleucid,1316-11-11
19975,T-S 12.437,Legal document,"Sunday, 10 Kislev 5583 AM",Anno Mundi,1822-11-24
19978,T-S 12.447,Legal document,29 Adar 5571,Anno Mundi,1811-03-25
19996,T-S 12.506,Legal document,middle decade of Tammuz 1461,Seleucid,1150-07-07/1150-07-16
19998,T-S 12.509,Legal document,Kislev 1[4]14,Seleucid,1102-11-14/1102-12-13
20001,T-S 12.517,Legal document,Tammuz 1320,Seleucid,1009-06-26/1009-07-24
20008,T-S 12.546,Legal document,Sivan 5495,Anno Mundi,1735-05-22/1735-06-20
20010,T-S 12.550,Legal document,4890,Anno Mundi,1129-09-16/1130-09-05
20018,T-S 12.569,Legal document,Tishrei 1465,Seleucid,1153-09-21/1153-10-20
20022,T-S 12.588,Legal document,7 Av 1559,Seleucid,1248-07-28
20023,T-S 12.589,Legal document,2 Elul 5319,Anno Mundi,1559-08-05
20027,T-S 12.596,Legal document,21 Iyyar 5372,Anno Mundi,1612-05-23
20030,T-S 12.602,Legal document,1514,Seleucid,1202-09-19/1203-09-07
20031,T-S 12.603,Legal document,1554,Seleucid,1242/1243
20037,T-S 12.623,Legal document,Adar I 1543,Seleucid,1232-01-24/1232-02-22
20061,T-S 12.702,Legal document,1341,Seleucid,1029/1030
20062,T-S 12.703,Letter,Elul [4]893,Anno Mundi,1133-08-04/1133-09-01
20070,T-S 12.718,Legal document,"Sunday, 1 Sivan 1539",Seleucid,1228
20076,T-S 12.779,Legal document,"Monday, 3 Iyyar 1407",Seleucid,1096-04-28
20077,DK 416 + T-S 12.783,Legal document,1459–62,Seleucid,1147-08-28/1151-09-12
20085,T-S 12.872,Legal document,13 Tishrei 1510,Seleucid,1198-10-15
20096,T-S 20.144,List or table,603,Hijrī,1206-08-08/1207-07-27
20097,T-S 20.161,Legal document,3 Tishrei 5293,Anno Mundi,1532-09-02
20098,T-S 20.164,Legal document,5428,Anno Mundi,1667-09-19/1668-09-05
20101,T-S 20.167,Legal document,First decade of Elul 1447,Seleucid,1136
20104,T-S 20.65,Legal document,23 Adar 5299,Anno Mundi,1539-02-11
20105,T-S 20.67,Letter,6 Tammuz 5398,Anno Mundi,1638-06-18
20108,T-S 20.73,Legal document,"Wednesday, 29 Kislev 1377",Seleucid,1065-11-30
20205,T-S Ar.19.5,State document,28 Rajab 1237,Hijrī,1822-04-20
20209,T-S Ar.19.9,Letter,538,Hijrī,1143-07-16/1144-07-03
20216,T-S Ar.20.2,Legal document,20 Jumādā I 412,Hijrī,1021-09-01
20231,T-S Ar.29.49,Legal document,6 Ḥeshvan 1446,Seleucid,1134-10-25
20241,T-S Ar.30.104,Credit instrument or private receipt,Dhū l-Qaʿda 433,Hijrī,1042-06-22/1042-07-21
20246,T-S Ar.30.109,State document,520,Hijrī,1126-01-27/1127-01-16
20327,T-S Ar.30.202,Legal document,1507,Seleucid,1195-09-07/1196-08-25
20354,T-S Ar.30.232 + T-S NS 83.19,List or table,spring 5310,Anno Mundi,1549-09-23/1550-09-10
20355,T-S Ar.30.233,List or table,5554,Anno Mundi,1793-09-07/1794-09-24
20404,T-S Ar.30.288,List or table,5452–57,Anno Mundi,1691/1697
20406,T-S Ar.30.29,List or table,439–40,Hijrī,1047/1049
20477,T-S Ar.30.87,Paraliterary text,22 Iyar 1565,Seleucid,1254
20499,T-S Ar.34.12,Legal document,4856,Anno Mundi,1095-09-03/1096-09-19
20502,T-S Ar.34.127,Legal document,501,Hijrī,1107-08-22/1108-08-10
20532,T-S Ar.34.225,State document,29 Jumādā II 556,Hijrī,1161-06-25
20541,T-S Ar.34.253,State document,Rajab 516,Hijrī,1122-09-05/1122-10-04
20551,T-S Ar.34.275,State document,430,Hijrī,1038-10-03/1039-09-22
20555,T-S Ar.34.286,Letter,Rabīʿ I 407,Hijrī,1016-08-08/1016-09-06
20578,T-S Ar.34.51,State document,"Thursday, 8 Rajab 627",Hijrī,1230-05-23
20581,T-S Ar.34.62,State document,Muḥarram 564,Hijrī,1168-10-05/1168-11-03
20589,T-S Ar.34.87,List or table,Rabīʿ II 958,Hijrī,1551-04-08/1551-05-06
20611,T-S Ar.35.162,State document,29 Dhū l-Qaʿda 404,Hijrī,1014-05-31
20618,T-S Ar.35.201,Credit instrument or private receipt,561,Hijrī,1165
20619,T-S Ar.35.204,State document,545,Hijrī,1150-04-30/1151-04-19
20622,T-S Ar.35.223,Legal document,694,Hijrī,1294-11-21/1295-11-09
20624,T-S Ar.35.227,Legal document,16 Jumādā I 644,Hijrī,1246-09-29
20646,T-S Ar.35.325,Credit instrument or private receipt,27 Muḥarram 498,Hijrī,1104-10-19
20647,T-S Ar.35.33,Letter,16 Dhu l-Qa’da 550,Hijrī,1156-01-11
20664,T-S Ar.35.39,List or table,Ramaḍān 556,Hijrī,1161-08-24/1161-09-22
20680,T-S Ar.35.45,Legal document,627,Hijrī,1229-11-20/1230-11-08
20683,T-S Ar.35.52,List or table,Shawwal 1012,Hijrī,1604-03-03/1604-03-31
20685,T-S Ar.35.55,State document,537,Hijrī,1142-07-27/1143-07-15
20688,T-S Ar.35.67,List or table,6[..],Hijrī,1203/1300
20701,T-S Ar.38.10,Legal document,15 Ramaḍān 484,Hijrī,1091-09-18/1091-10-16
20702,T-S Ar.38.101,Legal document,Jumādā I 434,Hijrī,1042-12-17/1043-01-15
20715,T-S Ar.38.127,Legal document,536–537,Hijrī,1141/1143
20720,T-S Ar.38.132,Legal document,28 Muḥarram 587,Hijrī,1191-02-25
20721,T-S Ar.38.133,Legal document,Ramaḍān 568,Hijrī,1173-04-16/1173-05-15
20722,T-S Ar.38.141 + T-S Ar.38.134,Legal document,Dhū l-Qaʿda 643,Hijrī,1285-03-09/1286-02-26
20732,T-S Ar.38.25,Legal document,Dhū l-Qaʿda 485,Hijrī,1092/1093
20734,T-S Ar.38.27,Legal document,25 Dhū l-Ḥijja 570,Hijrī,1175-07-17
20751,T-S Ar.38.54,Legal document,450,Hijrī,1058-02-28/1059-02-16
20767,T-S Ar.39.109,Legal document,684,Hijrī,1285-03-09/1286-02-26
20784,T-S Ar.39.150,Legal document,409/410,Hijrī,1018/1020
20785,T-S Ar.39.152,Paraliterary text,520,Hijrī,1126-01-27/1127-01-16
20788,T-S Ar.39.162,Letter,3 Ramaḍān 1166,Hijrī,1753-07-04
20790,T-S Ar.39.165,State document,524,Hijrī,1129-12-15/1130-12-03
20795,T-S Ar.39.178,Legal document,Jumādā II 520,Hijrī,1126-06-24/1126-07-22
20839,T-S Ar.39.247,Letter,947,Hijrī,1540-05-08/1541-04-26
20842,T-S Ar.39.25,Legal document,10 Rabīʿ II 508,Hijrī,1114-09-13
20871,T-S Ar.39.288,State document,Shawwāl 622,Hijrī,1225-10-06/1225-11-03
20879,T-S Ar.39.31,Legal document,551,Hijrī,1156-02-25/1157-02-12
20906,T-S Ar.39.364,State document,516,Hijrī,1122-03-12/1123-02-28
20920,T-S Ar.39.386,Letter,7 Rabīʿ I 644,Hijrī,1246-07-23
20924,T-S Ar.39.394,State document,2 Shaʿbān 537,Hijrī,1143-02-20
20934,T-S Ar.39.416,Legal document,633,Hijrī,1235-09-16/1236-09-03
20962,T-S Ar.39.471,Letter,1024,Hijrī,1615-01-31/1616-01-19
20967,T-S Ar.39.481,State document,Ṣafar 548,Hijrī,1153-04-28/1153-05-26
20978,T-S Ar.39.495,List or table,1286,Hijrī,1869-04-13/1870-04-02
20979,T-S Ar.39.496,Legal document,14 Rabīʿ I 934,Hijrī,1527-12-08
20982,T-S Ar.39.499,List or table,Muharram 1233,Hijrī,1817-11-11/1817-12-10
20987,T-S Ar.39.503,Legal document,955,Hijrī,1548-02-11/1549-01-29
21009,T-S Ar.39.82,State document,525,Hijrī,1130-12-04/1131-11-22
21010,T-S Ar.39.88,Legal document,575,Hijrī,1179-06-08/1180-05-27
21018,T-S Ar.4.1,Legal document,154[.],Seleucid,1228-09-02/1238-09-10
21021,T-S Ar.40.100,Legal document,3 Rajab 876,Hijrī,1471-12-16
21022,T-S Ar.40.106,State document,Jumādā I 539,Hijrī,1144-10-30/1144-11-28
21025,T-S Ar.40.118,State document,675,Hijrī,1276-06-15/1277-06-03
21039,T-S Ar.40.21,Legal document,793,Hijrī,1390-12-09/1391-11-28
21056,T-S Ar.41.101,Legal document,10 Ṣafar 627,Hijrī,1229-12-29
21058,T-S Ar.41.111,Legal document,532,Hijrī,1137-09-19/1138-09-07
21059,T-S Ar.41.112,Legal document,13 Shaʿbān 546,Hijrī,1151-11-25
21061,T-S Ar.41.126,Legal document,20 Shawwāl 741,Hijrī,1341-04-08
21063,T-S Ar.41.16,Legal document,25 Shaʿbān 487,Hijrī,1094-09-09
21064,T-S Ar.41.17,Legal document,4 Rajab 596,Hijrī,1200-04-20
21065,T-S Ar.41.19,Letter,5 Shawwal 1214,Hijrī,1800-03-02
21066,T-S Ar.41.2,State document,10 Rajab 997,Hijrī,1589-05-25
21070,T-S Ar.41.54,Legal document,Rabīʿ I 1032,Hijrī,1623-01-03/1623-02-01
21072,T-S Ar.41.68,Legal document,20 Shaʿbān 441,Hijrī,1050-01-17
21076,T-S Ar.41.77,Legal document,Dhū l-Ḥijja 504,Hijrī,1111-06-10/1111-07-09
21077,T-S Ar.41.82,Legal document,12 Ṣafar 499,Hijrī,1105-10-24
21079,T-S Ar.41.85,Legal document,5 Jumādā I 556,Hijrī,1161-05-02
21082,T-S Ar.41.91,Legal document,554,Hijrī,1159-01-23/1160-01-11
21083,T-S Ar.41.95,Legal document,571,Hijrī,1175-07-22/1176-07-09
21085,T-S Ar.42.102,Legal document,23 Rajab 596,Hijrī,1200-05-09
21089,T-S Ar.42.113,Legal document,17 Rajab 531,Hijrī,1137-04-10
21090,T-S Ar.42.116,Legal document,962,Hijrī,1554-11-26/1555-11-15
21092,T-S Ar.42.120,Legal document,18 Shawwāl 549,Hijrī,1154-12-26
21094,T-S Ar.42.122,Legal document,Saturday 20 Rajab 550,Hijrī,1155-09-19
21102,T-S Ar.42.133,Literary text,522–73,Hijrī,1128/1178
21104,T-S Ar.42.140,Legal document,529,Hijrī,1134-10-22/1135-10-10
21107,T-S Ar.42.149,Legal document,525,Hijrī,1130-12-04/1131-11-22
21108,T-S NS 327.117 + T-S Ar.42.150,Letter,first third of Ramaḍān 54[.],Hijrī,1146/1154
21111,T-S Ar.42.157,Legal document,Dhū l-Qaʿda 537,Hijrī,1143-05-18/1143-06-16
21114,T-S Ar.42.161,Legal document,Shaʿbān 533,Hijrī,1139-04-03/1139-05-01
21116,T-S Ar.42.163,Legal document,569,Hijrī,1173-08-12/1174-08-01
21120,T-S Ar.42.170,Legal document,Dhū l-Qaʿda 543,Hijrī,1149-03-13/1149-04-11
21124,T-S Ar.42.178,Legal document,Jumādā II 636,Hijrī,1239-01-09/1239-02-06
21127,T-S Ar.42.184,Legal document,21 Rajab 1023,Hijrī,1614-08-27
21142,T-S Ar.42.210,Letter,Beginning of Rabīʿ I 648,Hijrī,1250-06
21147,T-S Ar.42.215,Legal document,24 Rabīʿ I 997,Hijrī,1589-02-10
21162,T-S Ar.42.80,Legal document,first decade of Rabīʿ I 486,Hijrī,1093-04-01/1093-04-10
21165,T-S Ar.42.88,State document,601,Hijrī,1204-08-29/1205-08-17
21181,T-S Ar.47.186,Letter,26 Shevat 5567,Anno Mundi,1807-02-04
21187,T-S Ar.47.244,Legal document,1358,Seleucid,1046/1047
21188,T-S Ar.47.70,Legal document,3 Tishrei 1526,Seleucid,1214-09
21191,T-S Ar.48.117,Legal document,26 Tevet 154[0]/154[9],Seleucid,1228/1238
21222,T-S Ar.50.47,Legal document,[14]26,Seleucid,1114-09-03/1115-09-20
21232,T-S Ar.50.86,Legal document,Shevaṭ 1394,Seleucid,1082-12-24/1083-01-22
21233,T-S Ar.50.88,Legal document,594,Hijrī,1197-11-13/1198-11-02
21234,T-S Ar.50.90,Legal document,"Sunday, 16 Heshvan 1456",Seleucid,1144-10-15
21236,T-S Ar.51.105,Legal document,15 Dhū l-Qaʿda 924,Hijrī,1518-11-18
21238,T-S Ar.51.109,Legal document,11 Shaʿbān 805,Hijrī,1403-03-06
21239,T-S Ar.51.113 + T-S Ar.51.103,Legal document,"Thursday, 9 Elul 1428",Seleucid,1117-08-09
21240,T-S Ar.51.53,Legal document,"Wednesday, 24 Iyyar 1437",Seleucid,1126-05-19
21252,T-S Ar.52.214,List or table,Ḥeshvan 1556,Seleucid,1244
21255,T-S Ar.53.27,Legal document,1481,Seleucid,1169/1170
21259,T-S Ar.53.49,Legal document,Dhū l-Qaʿda 450,Hijrī,1058/1059
21264,T-S Ar.53.72,Letter,47[.],Hijrī,1077/1086
21331,T-S AS 145.111,Legal document,5462,Anno Mundi,1701-10-03/1702-09-22
21351,T-S AS 145.160,Legal document,"Friday, 3 Shevaṭ 1602",Seleucid,1291-01-05
21374,T-S AS 145.222,Legal document,"Friday, 5 Shevaṭ 5346",Anno Mundi,1586-01-24
21389,T-S AS 145.259,Legal document,1598,Seleucid,1286-09-21/1287-09-10
21418,T-S AS 145.318,Legal document,Ṭevet 1428,Seleucid,1116/1117
21464,T-S AS 145.90 + T-S AS 145.97,Legal document,"Friday, 18 Tammuz 5319",Anno Mundi,1559-06-23
21471,T-S NS 292.79 + T-S AS 146.104 + T-S AS 146.283 + T-S AS 147.159,Legal document,Ṭevet 5319,Anno Mundi,1558-12-11/1559-01-08
21508,T-S AS 146.212,Legal document,1437,Seleucid,1125-08-31/1126-09-19
21512,T-S AS 146.230,Paraliterary text,1983,Seleucid,1671-09-05/1672-09-21
21518,T-S AS 146.244,Legal document,"Tuesday, 9 Tammuz 5422",Anno Mundi,1662-06-26
21521,T-S AS 146.25,Legal document,"Tuesday, 17 Nisan 5338",Anno Mundi,1578-03-25
21561,T-S AS 146.364,Legal document,28 Tammuz 5561,Anno Mundi,1801-07-09
21718,T-S AS 147.84,Legal document,1552,Seleucid,1241
21735,T-S AS 148.119,Legal document,5314,Anno Mundi,1553-09-09/1554-08-27
21759,T-S AS 148.32,Legal document,27 Shevaṭ 1282,Seleucid,971-01-26
21760,T-S AS 148.39,Legal document,Tishrei 1334,Seleucid,1022-09
21765,T-S AS 148.62,Legal document,1 Adar 5522,Anno Mundi,1762-02-24
21772,T-S AS 148.79,Legal document,1 Av 5279,Anno Mundi,1519-06-29
21775,T-S AS 148.89,Legal document,1443,Seleucid,1132
21805,T-S AS 149.169,Legal document,5295,Anno Mundi,1534-09-10/1535-08-29
21865,T-S AS 150.107 + T-S AS 150.206,Legal document,5292,Anno Mundi,1531-09-12/1532-08-30
21924,T-S AS 150.41,Legal document,1522,Seleucid,1210-09-20/1211-09-09
21936,T-S AS 151.104,Legal document,Kislev 5286,Anno Mundi,1525-11-17/1525-12-16
21937,T-S AS 151.118,Legal document,4846,Anno Mundi,1085-09-22/1086-09-11
21954,T-S AS 151.165,Paraliterary text,Ḥeshvan 4802,Anno Mundi,1041-09-30/1041-10-28
21957,T-S AS 151.177,Legal document,Sivan 53[..],Anno Mundi,1540/1639
22014,T-S AS 151.47,Legal document,4775,Anno Mundi,1014-08-28/1015-09-16
22041,T-S AS 152.127,Legal document,"Thursday, 25 Adar 1770",Seleucid,1459-03-01
22047,T-S NS 288.185 + T-S AS 152.160,Legal document,Kislev 5480,Anno Mundi,1719-11-13/1719-12-12
22079,T-S AS 152.276,Legal document,Iyyar 5032,Anno Mundi,1272-04-02/1272-04-30
22117,T-S AS 152.373,Legal document,1425,Seleucid,1113-09-13/1114-09-02
22137,T-S AS 152.400,Legal document,[1]420,Seleucid,1109
22157,T-S AS 152.56,List or table,"השע""ד",Anno Mundi,1613
22161,T-S AS 152.71,Letter,26 Iyyar 5454,Anno Mundi,1694-05-21
22214,T-S AS 153.273,Legal document,1502,Seleucid,1190-09-03/1191-09-20
22254,T-S AS 153.370,Legal document,1474,Seleucid,1173
22428,T-S AS 159.167,Paraliterary text,Kislev 1644,Seleucid,1331
22431,T-S AS 159.170,Legal document,[14]81,Seleucid,1169-09-23/1170-09-11
22444,T-S AS 159.230,Legal document,Kislev 1436,Seleucid,1124
22446,T-S AS 159.239,List or table,1463/4,Seleucid,1152/1153
22531,T-S AS 176.481,Legal document,416,Hijrī,1025-03-04/1026-02-21
22534,T-S AS 177.175,State document,27 Ramaḍān 405,Hijrī,1015-03-21
22535,T-S AS 177.486,Legal document,Shawwāl 899,Hijrī,1494-07-05/1494-08-02
22544,T-S AS 181.113,List or table,443,Hijrī,1051-05-15/1052-05-02
22587,T-S AS 200.124,Legal document,4870,Anno Mundi,1109-08-28/1110-09-16
22601,T-S AS 200.251,Letter,26 Heshvan 5580,Anno Mundi,1819-11-14
22654,T-S AS 202.243,List or table,Rabīʿ II 953,Hijrī,1546-06-01/1546-06-29
22672,T-S AS 202.364,Legal document,Adar II 17[..],Seleucid,1389-02-27/1488-04-10
22683,T-S AS 202.414,List or table,Rabīʿ I 982,Hijrī,1574-06-21/1574-07-20
22702,T-S AS 203.44,Letter,12 Heshvan 5346,Anno Mundi,1585-11-04
22766,T-S AS 207.143,List or table,Shaʿbān 1112,Hijrī,1701-01-11/1701-02-08
22775,T-S AS 207.31,List or table,11 Dhū l-Qaʿda 1221,Hijrī,1807-01-20
22790,T-S AS 209.262,Legal document,1 Shevaṭ 5313,Anno Mundi,1553-01-16
22792,T-S AS 209.274,Letter,Av 5567,Anno Mundi,1807-08-05/1807-09-03
22839,T-S AS 212.143,Legal document,1445,Seleucid,1133/1134
22853,T-S AS 214.10,Legal document,Kislev 5480,Anno Mundi,1719-11-13/1719-12-12
22858,T-S AS 214.145,Letter,5582,Anno Mundi,1821-09-27/1822-09-15
22863,T-S AS 214.240,Legal document,אתלא,Seleucid,1130
22942,T-S AS 222.233,Legal document,Last decade of Shevaṭ 1455,Seleucid,1134
22974,T-S AS 82.40,Legal document,Nisan 5362,Anno Mundi,1602-03-23/1602-04-21
23030,T-S 12.1 + T-S B12.39,State document,419,Hijrī,1028-01-31/1029-01-19
23059,T-S J1.18,List or table,5600,Anno Mundi,1839-09-09/1840-09-27
23062,T-S J1.20,List or table,11 Av 5502,Anno Mundi,1742-08-11
23082,T-S J1.46,List or table,9 Iyyar 1540,Seleucid,1229-05-11
23087,T-S J1.56,List or table,5554,Anno Mundi,1793-09-07/1794-09-24
23089,T-S J1.58,List or table,5554,Anno Mundi,1793-09-07/1794-09-24
23090,T-S J1.59,List or table,6 Shawwal 954,Hijrī,1547-11-19
23091,T-S J1.6,List or table,1004,Hijrī,1595-09-06/1596-08-24
23094,T-S J1.62,List or table,[5]324,Anno Mundi,1563-09-18/1564-09-06
23117,T-S J2.29,Legal document,Iyyar 5465,Anno Mundi,1705-04-25/1705-05-23
23176,T-S NS 211.1 + T-S J3.16,Legal document,4588,Anno Mundi,828
23184,T-S J3.24,Legal document,1485,Seleucid,1173-09-10/1174-08-28
23259,T-S Misc.10.15,Legal document,1435,Seleucid,1123-09-22/1124-09-10
23260,T-S Misc.10.155,Legal document,24 Sivan 1531,Seleucid,1220-05
23273,T-S Misc.10.74,Legal document,Kislev 5480,Anno Mundi,1719-11-13/1719-12-12
23283,T-S Misc.11.206,Letter,5572,Anno Mundi,1811-09-19/1812-09-06
23285,T-S Misc.11.225,Legal document,14 Adar 5365,Anno Mundi,1605-03-04
23288,T-S Misc.11.29,List or table,Dhū l-Qaʿda 1239,Hijrī,1824-06-28/1824-07-27
23294,T-S Misc.20.100,Legal document,"Thursday, 24 Ṭevet 1477",Seleucid,1165-12-30
23333,T-S Misc.23.8,Legal document,Ṭevet 1438,Seleucid,1126/1127
23339,T-S Misc.24.187,Letter,16 Heshvan 5327,Anno Mundi,1566-10-29
23345,T-S Misc.25.105,Letter,2 Nisan 1551,Seleucid,1240-03-26
23348,T-S Misc.25.122,Legal document,"Sunday, 9 Iyyar 1559",Seleucid,1248-05-03
23357,T-S Misc.25.63,Legal document,1 Ṭevet 1500,Seleucid,1188-12-23
23365,T-S Misc.25.89,Legal document,[14]59,Seleucid,1147-08-28/1148-09-15
23384,T-S Misc.27.4.22,Legal document,25 Tishrei 1607,Seleucid,1295-10-06
23398,T-S Misc.28.153,Legal document,13 Adar I 1337,Seleucid,1026-02-03
23416,T-S Misc.28.238,Legal document,494,Hijrī,1100-11-06/1101-10-25
23430,T-S Misc.28.56,Legal document,"Thursday, 9 Adar 1373",Seleucid,1062-02-21
23432,T-S Misc.28.149 + T-S Misc.28.58,Letter,1468,Seleucid,1156-09-17/1157-09-06
23433,T-S Misc.28.61,Legal document,[16]11,Seleucid,1299/1300
23517,T-S Misc.8.96,Legal document,5453,Anno Mundi,1692-09-11/1693-09-30
23557,T-S NS 110.59 + T-S AS 85.88,Legal document,438,Hijrī,1046-07-08/1047-06-27
23562,T-S NS 111.140,State document,Dhū l-Qaʿda 495,Hijrī,1102-08-17/1102-09-15
23603,T-S NS 129.82,List or table,64[.],Hijrī,1244/1251
23643,T-S NS 139.65,State document,329,Hijrī,0940-10-06/0941-09-25
23751,T-S NS 164.41,List or table,"Tuesday, 9 Shaʿbān 514",Hijrī,1120-11-03
23757,T-S NS 167.32,Legal document,4854,Anno Mundi,1093-09-24/1094-09-13
23778,T-S NS 173.78,Legal document,525,Hijrī,1130-12-04/1131-11-22
23780,T-S NS 175.1,Legal document,2 Av 1433,Seleucid,1122-07-08
23782,T-S NS 175.32,Legal document,[5]320,Anno Mundi,1559-09-02/1560-09-20
23823,T-S NS 184.46,Legal document,524,Hijrī,1129-12-15/1130-12-03
23827,T-S NS 184.66,Legal document,[1]434,Seleucid,1122-09-04/1123-09-21
23843,T-S NS 190.106,Legal document,Elul 1438,Seleucid,1127
23849,T-S NS 190.112,Legal document,1445,Seleucid,1134
23850,T-S NS 190.113,Legal document,1443,Seleucid,1131/1132
23859,T-S NS 190.121,Legal document,1444,Seleucid,1132-09-12/1133-09-01
23873,T-S NS 190.4,Legal document,1445,Seleucid,1133-09-02/1134-09-19
23880,T-S NS 190.59,Letter,608–09,Hijrī,1211-06-15/1213-05-22
23926,T-S NS 204.47,List or table,3–4 Dhū l-Ḥijja 600,Hijrī,1204-08-02/1204-08-03
23929,T-S NS 204.8,List or table,Adar II 1440,Seleucid,1129-02-22/1129-03-22
24017,T-S NS 224.29 + T-S NS 224.33 + T-S NS 224.22,Legal document,20[14],Seleucid,1109
24021,T-S NS 224.232,Legal document,"Thursday, 22 Tammuz 5355",Anno Mundi,1595-06-29
24049,T-S NS 224.43,Legal document,last decade of Adar 1441,Seleucid,1130-03-03/1130-03-12
24051,T-S NS 224.45,Legal document,1440,Seleucid,1128-08-28/1129-09-15
24052,T-S NS 224.46,Legal document,Sivan 142[.],Seleucid,1109/1118
24054,T-S NS 224.48,Legal document,1434,Seleucid,1122-09-04/1123-09-21
24071,T-S NS 224.68,Legal document,1438,Seleucid,1126-09-20/1127-09-07
24072,T-S NS 224.71,Legal document,[144]5,Seleucid,1133-09-02/1134-09-19
24078,T-S NS 224.79,Legal document,[14]37,Seleucid,1125-08-31/1126-09-19
24143,T-S NS 225.25j,Legal document,Adar 1446,Seleucid,1135
24147,T-S NS 225.25n,Legal document,1435,Seleucid,1123-09-22/1124-09-10
24153,T-S NS 225.25t,Legal document,Elul 1443,Seleucid,1132
24160,T-S NS 225.27,Legal document,Tishrei 1440,Seleucid,1128
24182,T-S NS 225.47,Legal document,1443,Seleucid,1131-09-24/1132-09-11
24232,T-S NS 226.57 + T-S NS 225.92,Legal document,Jumādā II 527,Hijrī,1133-04-09/1133-05-07
24261,T-S NS 226.11b,Legal document,1432,Seleucid,1121
24286,T-S NS 226.143,Legal document,1431,Seleucid,1119-09-08/1120-08-25
24406,T-S NS 226.80,Legal document,1443,Seleucid,1131-09-24/1132-09-11
24416,T-S NS 226.9,Legal document,1429,Seleucid,1126/1127
24473,T-S NS 245.18,State document,564,Hijrī,1168-10-05/1169-09-24
24504,T-S NS 259.82,List or table,4905,Anno Mundi,1144-08-31/1145-09-19
24521,T-S NS 264.103,Legal document,1443,Seleucid,1132
24530,T-S NS 264.18b + T-S NS 264.18a,Legal document,Tishrei 1331,Seleucid,1019-09
24532,T-S NS 264.19,Legal document,[49]49,Anno Mundi,1188-09-24/1189-09-13
24560,T-S NS 264.44,Legal document,5532,Anno Mundi,1771-09-09/1772-09-27
24564,T-S NS 264.48,Legal document,23 Nisan 1539,Seleucid,1228-04-07
24579,T-S NS 264.61,Letter,8 Elul 5466,Anno Mundi,1706-08-18
24617,T-S NS 264.98,Letter,1517,Seleucid,1205-09-15/1206-09-04
24668,T-S NS 287.40,,"Sunday, 16 Rabiʿ I 403",Hijrī,1012-10-05
24672,T-S AS 152.160 + T-S NS 288.185,Legal document,Kislev 5480,Anno Mundi,1719-11-13/1719-12-12
24674,T-S NS 288.235,Legal document,[13]82,Seleucid,1070-09-09/1071-08-28
24703,T-S NS 292.22,Legal document,145[.],Seleucid,1138/1148
24795,T-S NS 297.176,State document,530,Hijrī,1135-10-11/1136-09-28
24841,T-S NS 297.269,Credit instrument or private receipt,Ṣafar 1057,Hijrī,1647-02-06/1647-04-06
24843,T-S NS 297.271,State document,503–04,Hijrī,1109-07-31/1111-07-08
24872,T-S NS 297.316,Legal document,Rabīʿ I 49[.],Hijrī,1097/1105
24897,T-S NS 297.5,Legal document,Jumāḍā II 993,Hijrī,1585-05-31/1585-06-28
24905,T-S NS 297.65,Credit instrument or private receipt,13 Dhū l-Ḥijja 509,Hijrī,1116-04-28
24911,T-S NS 297.71 + T-S NS 297.72 + T-S NS 297.73,Legal document,13 Dhū l-Qaʿda 957,Hijrī,1550-11
24916,T-S NS 297.76,Credit instrument or private receipt,507,Hijrī,1113/1114
24922,T-S NS 297.9,List or table,Rabīʿ I 938,Hijrī,1531-10-13/1531-11-11
25037,T-S NS 305.156,State document,20 Ṣafar 560,Hijrī,1165-01-06
25086,T-S NS 305.216,Legal document,Ramaḍān 456,Hijrī,1064-08-17/1064-09-15
25106,T-S NS 305.55,Literary text,Rabī ʿ 1312,Hijrī,1894
25113,T-S NS 305.66,State document,19 Ṣafar 553,Hijrī,1158-03-22
25143,T-S NS 306.118,Legal document,Tishrei 1439,Seleucid,1127-09-08/1127-10-07
25144,T-S NS 306.119,List or table,Ramaḍān 453,Hijrī,1061-09-19/1061-10-18
25158,T-S NS 306.143,State document,Muḥarram 545,Hijrī,1150-04-30/1150-05-29
25160,T-S NS 306.146,Legal document,Jumādā II 926,Hijrī,1520-05-19/1520-06-16
25161,T-S NS 306.147,State document,525,Hijrī,1130-12-04/1131-11-22
25185,T-S NS 306.187,Legal document,Dhū l-Qaʿda 610,Hijrī,1214-03-14/1214-04-12
25202,T-S NS 306.22,Legal document,Rabīʿ I 536,Hijrī,1141-10-04/1141-11-02
25208,T-S NS 306.242,State document,15 Shaʿbān 637,Hijrī,1240-03-11
25213,T-S NS 306.247,Legal document,486,Hijrī,1093-02-01/1094-01-20
25226,T-S NS 306.47,List or table,25 Jumādā II 524,Hijrī,1130-06-05
25227,T-S NS 306.49,Legal document,721,Hijrī,1321-01-31/1322-01-19
25232,T-S NS 306.58,List or table,744,Hijrī,1343-05-26/1344-05-14
25233,T-S NS 306.64,Legal document,19 Rabiʿ II 566,Hijrī,1170-12-30
25257,T-S NS 309.21,Letter,1487,Seleucid,1177
25278,T-S NS 31.28,Legal document,Sivan 5343,Anno Mundi,1583-05-22/1583-06-20
25284,T-S NS 31.33,List or table,5354,Anno Mundi,1593-09-27/1594-09-14
25298,T-S NS 310.77,Legal document,Nisan 1463 – Adar 1464,Seleucid,1152-03-08/1153-02-26
25336,T-S NS 314.5,Legal document,15 Kislev 1525,Seleucid,1213-12
25355,T-S NS 318.21,Legal document,20 Shevat 5317,Anno Mundi,1557-01-21
25366,T-S NS 32.81,Legal document,52[..],Anno Mundi,1439/1539
25369,T-S NS 320.10,Legal document,5 Ṭevet 1[4]21,Seleucid,1109-11-30
25383,T-S NS 320.114,Legal document,"Friday, 16 Iyyar 5301",Anno Mundi,1541-05-13
25385,T-S NS 320.116,Paraliterary text,1414,Seleucid,1102/1103
25420,T-S NS 320.37,Legal document,1488,Seleucid,1176/1177
25428,T-S NS 320.50c,Legal document,14 Ḥeshvan 1455,Seleucid,1143-10-24
25431,T-S NS 320.59,Legal document,"Monday, 18 Adar 1430",Seleucid,1119
25432,T-S NS 320.63,Legal document,"Tuesday, 2[.] Shevaṭ 1341",Seleucid,1030-01-26/1030-02-04
25435,T-S NS 320.65,Legal document,1508,Seleucid,1196/1197
25448,T-S NS 320.77,Legal document,Shevaṭ 1445,Seleucid,1134
25470,T-S NS 320.97,Legal document,157[.],Seleucid,1259/1268
25480,T-S NS 321.108,Legal document,1584,Seleucid,1272-08-27/1273-09-13
25522,T-S NS 321.61,Legal document,1411,Seleucid,1099/1100
25523,T-S NS 321.62,Paraliterary text,"Friday, 7 Nisan 1606",Seleucid,1295
25539,T-S NS 321.7b,List or table,443,Hijrī,1051-05-15/1052-05-02
25563,T-S NS 321.91,Legal document,Middle third of Sivan 1416,Seleucid,1105-05-26/1105-06-05
25598,T-S NS 323.17,Legal document,"Thursday, 5 Nisan 1446",Seleucid,1135
25601,T-S NS 323.20,Legal document,5270,Anno Mundi,1509-09-15/1510-09-04
25606,T-S NS 323.27,Legal document,"Monday, 8 Adar I 1448",Seleucid,1137-02-01
25607,T-S NS 323.28,Legal document,"Wednesday, 26 Nisan 5285",Anno Mundi,1525-04-19
25610,T-S AS 149.189 + T-S NS 323.32,Legal document,Ḥeshvan 1352,Seleucid,1040-10-11/1040-11-08
25683,T-S NS 324.30,Legal document,1409,Seleucid,1098
25688,T-S NS 324.37 + T-S 13J5.6,Legal document,Iyyar 5320,Anno Mundi,1560-04-27/1560-05-25
25697,T-S NS 324.47,Legal document,first decade of Tammuz 1471,Seleucid,1160-06-07/1160-06-16
25700,T-S NS 324.50,Legal document,12 Nisan 1453,Seleucid,1142-04-09
25728,T-S NS 324.80,Legal document,1428,Seleucid,1116-09-09/1117-08-29
25769,T-S NS 325.22,Letter,[14]42,Seleucid,1130-09-06/1131-09-23
25821,T-S NS 327.2c,Legal document,Shawwāl 654,Hijrī,1256-10-22/1256-11-19
25853,T-S NS 327.76,State document,559,Hijrī,1163-11-30/1164-11-17
25856,T-S NS 327.82,State document,Jumādā II 493,Hijrī,1100-04-13/1100-05-11
25868,T-S NS 329.1010,Paraliterary text,4832,Anno Mundi,1071-08-29/1072-09-14
25873,T-S NS 329.621,Paraliterary text,[4]803,Anno Mundi,1042-09-18/1043-09-07
25879,T-S NS 329.998,Legal document,"Tuesday 11 Shevat, 5317",Anno Mundi,1557
25892,T-S NS 336.23,Paraliterary text,1 Tammuz 4870,Anno Mundi,1110-06-21
25904,T-S NS 338.112,Legal document,1436,Seleucid,1124/1125
25917,T-S NS 338.28,List or table,14–28 Ramaḍān 433,Hijrī,1042-05-07/1042-05-21
25932,T-S NS 338.43,List or table,Muḥarram 959,Hijrī,1551-12-29/1552-01-27
25943,T-S NS 338.55,Legal document,middle third of Adar 1430,Seleucid,1119-02-24/1119-03-05
26017,T-S NS 340.20,List or table,517,Hijrī,1123-03-01/1124-02-18
26027,T-S NS 340.32,Legal document,635,Hijrī,1237-08-24/1238-08-13
26087,T-S NS 342.42,Legal document,1447,Seleucid,1136
26095,T-S NS 342.74,Legal document,Ṣafar 530,Hijrī,1135-11-10/1135-12-08
26098,T-S NS 342.86,Legal document,"Wednesday, 7 Nisan 1432",Seleucid,1121-03-28
26174,T-S NS 83.16,List or table,Tammuz 1558,Seleucid,1237
26196,T-S NS 83.37,List or table,Sivan 4813,Anno Mundi,1053-05-21/1053-06-19
26216,T-S NS 93.74,,"Friday, 16 Tammuz 1466",Seleucid,1155
26243,T-S NS 99.23,Letter,18 Ḥeshvan 5565,Anno Mundi,1804-10-23
26256,T-S NS 99.35,Letter,5448,Anno Mundi,1687-09-08/1688-09-24
26259,T-S NS 99.38,Letter,13 Elul 5569,Anno Mundi,1809-08-25
26274,T-S NS 99.54,List or table,Tishrei 5583,Anno Mundi,1822-09-16/1822-10-15
26281,T-S NS 99.60,List or table,5225,Anno Mundi,1464-09-03/1465-09-20
26287,T-S NS 99.66,Legal document,Iyyar 5243,Anno Mundi,1483-04-08/1483-05-06
26299,T-S NS 99.77 + T-S NS 99.78 + T-S NS 99.79 + T-S NS 99.80 + T-S NS 99.81,List or table,5343,Anno Mundi,1582-09-17/1583-09-16
26300,T-S NS 99.78 + T-S NS 99.77 + T-S NS 99.79 + T-S NS 99.80 + T-S NS 99.81,List or table,Elul 5341,Anno Mundi,1581-07-31/1581-08-28
26314,"T-S NS J113 + T-S AS 153.4 + Moss. VII,85.1 + T-S 6J8.11 + T-S AS 142.250 + Moss. VII,85.2",Legal document,1456,Seleucid,1144/1145
26331,T-S NS J156,Legal document,Av 1452,Seleucid,1141-07-07/1141-08-05
26343,T-S NS J178c,Credit instrument or private receipt,Ḥeshvan 1454,Seleucid,1142
26345,T-S NS J185b + T-S AS 147.14 + T-S Misc.34.27 + T-S NS 304.13 + T-S NS J185a,Legal document,Ṭevet 143[.],Seleucid,1118-12-17/1128-01-04
26346,T-S NS J185c + T-S NS J185d,Legal document,Ḥeshvan 1432,Seleucid,1120-09
26350,T-S NS J185g,Legal document,1435,Seleucid,1123/1124
26388,T-S NS J25,Legal document,1463,Seleucid,1151-09-13/1152-08-31
26405,T-S NS J297b + T-S NS J297a + T-S NS 163.123 + T-S NS 163.62,Legal document,26 Adar II 1600 — 26 Elul 1601,Seleucid,1289-03-20/1290-09-03
26433,T-S NS J346,Legal document,Nisan 4979,Anno Mundi,1219-03-19/1219-04-17
26438,T-S NS J356,Legal document,17 Nisan 1540,Seleucid,1229-04-19
26472,T-S NS J401t,Legal document,1444,Seleucid,1132/1133
26473,T-S NS J405,Legal document,11 Ḥeshvan 1587,Seleucid,1275
26496,T-S NS J535,Letter,Elul 498[.],Anno Mundi,1220/1229
26509,T-S NS J550,Legal document,"Monday, 1 Kislev 1632",Seleucid,1320
26510,T-S NS J551,Legal document,Monday 10 Nisan 1528,Seleucid,1217
26536,T-S NS J582,State document,Ramaḍān 533,Hijrī,1139-05-02/1139-05-31
26539,T-S NS 225.25f + T-S NS 224.51 + T-S NS J588,Legal document,Ṭevet 1444,Seleucid,1132-12-11/1133-01-08
26553,T-S K2.107 + T-S NS J609,Paraliterary text,1361–62,Seleucid,1049/1051
26586,T-S NS J95a,Legal document,7 Rajab 495,Hijrī,1102-04-27
26646,"Moss. Ia,1.2",Legal document,16 Av 1262,Seleucid,0951-07-22
26675,"Moss. II,100.1",Legal document,"Thursday, 10 Iyyar 1446",Seleucid,1135-04-25
26896,"Moss. IXa,3.37",Letter,23 Elul 5670,Anno Mundi,1910-09-27
26899,"Moss. IXa,3.6",Letter,1284,Hijrī,1867-05-05/1868-04-23
26965,"Moss. V,380",Legal document,Middle third of Av 1460,Seleucid,1149-07-18/1149-07-27
27002,"Moss. VII,114",Legal document,Ḥeshvan 13[..],Seleucid,989/1088
27003,"Moss. VII,115",Legal document,"Thursday, 16 Elul 5[2]09",Anno Mundi,1449-09-04
27007,"Moss. VII,12.1",Legal document,1369,Seleucid,1057/1058
27017,"Moss. VII,13.2",Legal document,Adar II 1404,Seleucid,1093-03-02/1093-03-30
27103,"Moss. VII,23",Legal document,5273,Anno Mundi,1512-09-11/1513-08-31
27104,"Moss. VII,24",Legal document,Sivan 1830,Seleucid,1519-05-01/1519-05-30
27108,"Moss. VII,32.1",Legal document,16 Tammuz 5324,Anno Mundi,1564-06-26
27111,"Moss. VII,35",Legal document,1445,Seleucid,1133-09-02/1134-09-19
27116,"Moss. VII,42.1",Legal document,1459,Seleucid,1147-08-28/1148-09-15
27120,"Moss. VII,45.1",Legal document,Safar 581,Hijrī,1185-05-04/1185-06-01
27121,"Moss. VII,47",Legal document,26 Tevet 5273,Anno Mundi,1513-01-04
27123,"Moss. VII,5",Legal document,15 Av 5579,Anno Mundi,1819-08-06
27137,"Moss. VII,66.1",Legal document,29 Kislev 1448,Seleucid,1136-11-25
27145,"Moss. VII,80.2",Legal document,"Wednesday, 10 Elul 1395",Seleucid,1084
27152,"Moss. VII,87.3",Legal document,27 Adar I 1540,Seleucid,1229-03-01
27153,"Moss. VII,87.4",Legal document,"Monday, 6 Adar 1549",Seleucid,1238-02-22
27161,"Moss. VII,93.6",Legal document,1559,Seleucid,1247-09-02/1248-09-18
27199,"Moss. VIII,482",Legal document,4837,Anno Mundi,1077
27211,"Moss. X,113",Legal document,10 Jumādā I 1202,Hijrī,1788-02-17
27238,"Moss. X,134.2",Legal document,"תר""ב",Anno Mundi,1842
27254,"Moss. Xa,2.104",Legal document,"התר""ן",Anno Mundi,1890
27263,AIU V.B.48,Letter,1 Nisan 1485,Seleucid,1174-03-05
27281,AIU VII.A.42,Legal document,20 Kislev 5418,Anno Mundi,1657-11-26
27282,AIU VII.A.43,Letter,middle third of Elul 1541,Seleucid,1230-08-21/1230-08-31
27432,NLI 577.2/25,Legal document,11 Rabiʿ I 852,Hijrī,1448-05-15
27438,NLI 577.3/4,Legal document,Elul 1444,Seleucid,1133-08-04/1133-09-01
27445,NLI 577.4/99,Legal document,6 Nisan 4973,Anno Mundi,1213-03-29
27456,NLI 577.6/9 + T-S 8.153 + BL OR 12299.15,Legal document,Ṭevet 1435,Seleucid,1123/1124
27468,Yevr. II A 1241,Legal document,"23rd Shewat, 5414",Anno Mundi,1654
27469,Yevr. II A 1249,Legal document,Nisan 5401,Anno Mundi,1641-03-12/1641-04-10
27470,Yevr. II A 1250,Legal document,6 Iyyar 5571,Anno Mundi,1811-04-30
27472,Yevr. II A 1253,Legal document,17 Adar I 5502,Anno Mundi,1742-02-21
27473,Yevr. II A 1254,Legal document,8 Elul 5549,Anno Mundi,1789-08-30
27474,Yevr. II A 1255,Legal document,Tuesday 3 Nissan 5443,Anno Mundi,1683-03-30
27475,Yevr. II A 1256,Legal document,"Monday, 6 Adar 5284",Anno Mundi,1524-02-10
27476,Yevr. II A 1257,Legal document,14 Kislev 5460,Anno Mundi,1699-12-06
27477,Yevr. II A 1260,Legal document,8th Kislev 5448,Anno Mundi,1687
27478,Yevr. II A 1264,Legal document,"Friday, 9 Adar II 5404",Anno Mundi,1644-03-17
27479,Yevr. II A 1265,Legal document,Tuesday 11 Tammuz 5525,Anno Mundi,1765-06-30
27481,Yevr. II A 1267,Legal document,29 Tishrei 5560,Anno Mundi,1799-10-28
27482,Yevr. II A 1268,Legal document,Friday 14 Adar I 5463,Anno Mundi,1703-03-02
27483,Yevr. II A 1269,Legal document,"Monday, 8th Adar I, 5398",Anno Mundi,1638
27484,Yevr. II A 1270,Legal document,Friday 20th Shevat 5405,Anno Mundi,1645
27485,Yevr. II A 1271,Legal document,Sunday 22 Adar 5590,Anno Mundi,1830-03-17
27486,Yevr. II A 1272,Legal document,16 Sivan 5392,Anno Mundi,1632-06-05
27487,Yevr. II A 1273,Legal document,Thursday  15th Shevat 5450,Anno Mundi,1690
27488,Yevr. II A 1274,Legal document,15 Sivan 5519,Anno Mundi,1759-06-10
27489,Yevr. II A 1275,Legal document,Sunday 6 Nisan 5528,Anno Mundi,1768-03-24
27490,Yevr. II A 1276,Legal document,Thursday  19th Elul 5428,Anno Mundi,1668
27491,Yevr. II A 1277,Legal document,Tuesday 1 Kislev 5507,Anno Mundi,1746-11-14
27493,Yevr. II A 1279,Legal document,Sunday 21 Kislev 5460,Anno Mundi,1699-12-13
27495,Yevr. II A 1281,Legal document,Monday 27 Shevat 5481,Anno Mundi,1721-02-24
27496,Yevr. II A 1282,Legal document,Sunday 28 Elul 5511,Anno Mundi,1751-09-18
27497,Yevr. II A 1283,Legal document,Sunday 17th Sivan 5423,Anno Mundi,1663
27498,Yevr. II A 1284,Legal document,Sunday 25th Tevet 5409,Anno Mundi,1648
27499,Yevr. II A 1285,Legal document,Tuesday 3 Kislev 5545,Anno Mundi,1784-11-16
27500,Yevr. II A 1286,Legal document,Thursday 4 Sivan 5516,Anno Mundi,1756-06-02
27501,Yevr. II A 1287,Legal document,14 Kislev 5527,Anno Mundi,1766-11-16
27502,Yevr. II A 1288,Legal document,20 Sivan 5448,Anno Mundi,1688-06-18
27503,Yevr. II A 1289,Legal document,23 Tevet 5414,Anno Mundi,1654-01-12
27504,Yevr. II A 1290,Legal document,9 Shevat 5530,Anno Mundi,1770-02-04
27505,Yevr. II A 1292 + AIU VII.D.99 + BL OR 12369.11,Legal document,Sivan 5582,Anno Mundi,1822-05-21/1822-06-19
27507,Yevr. II A 1296,Legal document,Sunday 25 Sivan 5556,Anno Mundi,1796-07-01
27508,Yevr. II A 1298,Legal document,5533,Anno Mundi,1773
27509,Yevr. II A 1299,Legal document,Thursday 20 Shevat 5540,Anno Mundi,1780-01-27
27510,Yevr. II A 1300,Legal document,8 Adar 5400,Anno Mundi,1640-03-02
27511,Yevr. II A 1301,Legal document,Wednesday 28th Tevet 5399,Anno Mundi,1640
27512,Yevr. II A 1302,Legal document,14 Adar 5403,Anno Mundi,1643-03-05
27513,Yevr. II A 1303,Legal document,"Sunday, 5 Av 5404",Anno Mundi,1644-08-07
27514,Yevr. II A 1305,Legal document,Sunday 21 Heshvan 5500,Anno Mundi,1739-11-22
27515,Yevr. II A 1306,Legal document,Monday 15th Iyyar 5414,Anno Mundi,1654
27516,Yevr. II A 1307,Legal document,Thursday 24 Nisan 5481,Anno Mundi,1721-04-21
27517,Yevr. II A 1308,Legal document,Sunday 1st Kislev 5545,Anno Mundi,1783
27519,Yevr. II A 1310,Legal document,19 Heshvan 5591,Anno Mundi,1830-11-05
27522,Yevr. II A 1317,Legal document,Adar I 5377,Anno Mundi,1617-02-06/1617-03-07
27523,Yevr. II A 1318,Legal document,"Monday, 6 Adar I 5377",Anno Mundi,1617-02-11
27525,Yevr. II A 1320,Legal document,Adar II 1752,Seleucid,1441-02-22/1441-03-22
27532,Yevr. II A 1409,Letter,Shevat 5409,Anno Mundi,1649-01-14/1649-02-12
27546,Yevr. II A 1556,List or table,Thursday  13th Nisan 5544,Anno Mundi,1784
27587,Yevr. II A 1664,Legal document,Monday 10th Sivan 5553,Anno Mundi,1793
27588,Yevr. II A 1672,Letter,Monday 12th Sivan 5602,Anno Mundi,1842
27589,Yevr. II A 1675,Legal document,Monday 22 Sivan 5535,Anno Mundi,1775-06-20
27651,Yevr. II A 1831,Legal document,5591,Anno Mundi,1831
27674,Yevr. II A 1892,Letter,5457,Anno Mundi,1696-09-27/1697-09-15
27697,Yevr. II A 2692,Legal document,10th Tamuz 5552,Anno Mundi,1792
27721,Yevr. II A 443,Legal document,Thursday  25th Adar 5405,Anno Mundi,1645
27723,Yevr. II A 463,Legal document,20 Av 5436,Anno Mundi,1676-07-30
27726,Yevr. II A 506,Legal document,1321,Seleucid,1010
27732,Yevr. II A 599,Legal document,5399,Anno Mundi,1639
27748,Yevr. II B 281,Paraliterary text,Ḥeshvan 1272,Seleucid,0960-10-24/0960-11-22
27750,Yevr. II B 285,Legal document,"Friday, 13 Iyyar 1360",Seleucid,1049-04-18
27754,Yevr. II K 10,Legal document,15 Kislev 5399,Anno Mundi,1638-11-22
27755,Yevr. II K 11,Legal document,28 Adar 5400,Anno Mundi,1640-03-22
27757,Yevr. II K 13,Legal document,29 Kislev 5405,Anno Mundi,1644-12-28
27758,Yevr. II K 14,,Wednesday 26 Tishrei 5416,Anno Mundi,1655
27759,Yevr. II K 15,Legal document,5428,Anno Mundi,1658
27760,Yevr. II K 18,Legal document,Wednesday 21 Kislev 5435,Anno Mundi,1674
27763,Yevr. II K 20,Legal document,2004,Seleucid,1693
27764,Yevr. II K 21,Legal document,5458,Anno Mundi,1698
27765,Yevr. II K 22,Legal document,5466,Anno Mundi,1706
27766,Yevr. II K 23,Legal document,Wednesday 27 Sivan 5471,Anno Mundi,1711
27767,Yevr. II K 24,Legal document,Wednesday 23 Elul 5471,Anno Mundi,1711
27768,Yevr. II K 26,Legal document,Wednesday 7 Shevat 5477,Anno Mundi,1717
27769,Yevr. II K 27,Legal document,Friday 4 Adar 5479,Anno Mundi,1719-02-23
27770,Yevr. II K 28,Legal document,7 Shevat 5480,Anno Mundi,1720-01-17
27771,Yevr. II K 29,Legal document,24 Shevat 549[2],Anno Mundi,1732-02-20
27772,Yevr. II K 3,Legal document,Adar 1810,Seleucid,1499-02-11/1499-03-11
27773,Yevr. II K 30,Legal document,Sivan 5500,Anno Mundi,1740-05-27/1740-06-25
27774,Yevr. II K 31,Legal document,Wednesday 10 Adar 5506,Anno Mundi,1746
27775,Yevr. II K 32,Legal document,Wednesday  8 Adar I 5508,Anno Mundi,1748
27776,Yevr. II K 33,Legal document,Wednesday  6 Heshvan 5508,Anno Mundi,1747
27777,Yevr. II K 34,Legal document,Thursday  27 Tishrei 5513,Anno Mundi,1752
27778,Yevr. II K 37,Legal document,2070,Seleucid,1758-10-03/1759-09-21
27779,Yevr. II K 38,Legal document,Wednesday 19 Shevat 5520,Anno Mundi,1760
27782,Yevr. II K 40,Legal document,13 Heshvan 5518,Anno Mundi,1757-10-27
27783,Yevr. II K 41,Legal document,Thursday 2 Elul 5531,Anno Mundi,1771
27784,Yevr. II K 42,Legal document,5535,Anno Mundi,1775
27785,Yevr. II K 43,Legal document,Tuesday 12 Iyyar 5537,Anno Mundi,1777
27786,Yevr. II K 44,Legal document,14 Elul 5537,Anno Mundi,1777
27787,Yevr. II K 45,Legal document,"Tuesday 8 Adar II, 5537",Anno Mundi,1777
27789,Yevr. II K 47,Legal document,Wednesday  27 Shevat 5541,Anno Mundi,1781
27790,Yevr. II K 48,Legal document,Wednesday  26 Sivan 5543,Anno Mundi,1783
27791,Yevr. II K 49,Legal document,Thursday  25 Tishrei 5546,Anno Mundi,1785
27792,Yevr. II K 5,Legal document,Wednesday  13 Shevat 1831,Seleucid,1520
27793,Yevr. II K 50,Legal document,"Friday 27 Adar II, 5548",Anno Mundi,1788
27794,Yevr. II K 51,Legal document,Wednesday  27 Elul 5551,Anno Mundi,1791
27795,Yevr. II K 52,Legal document,Wednesday 18 Shevat 5557,Anno Mundi,1797-02-14
27798,Yevr. II K 55,Legal document,Wednesday 6 Tishrei 5561,Anno Mundi,1800-09-25
27799,Yevr. II K 56,Legal document,22 Heshvan 5563,Anno Mundi,1802
27800,Yevr. II K 57,Legal document,Wednesday  10 Elul 5563,Anno Mundi,1803
27801,Yevr. II K 58,Legal document,5566,Anno Mundi,1805-09-24/1806-09-12
27802,Yevr. II K 59,Legal document,Friday 13 Tammuz 5575,Anno Mundi,1815-07-21
27804,Yevr. II K 60,Legal document,"Wednesday, 9 Elul 5567",Anno Mundi,1816
27805,Yevr. II K 61,Legal document,Thursday  10 Elul 5576,Anno Mundi,1816
27806,Yevr. II K 62,Legal document,12 Sivan 5570,Anno Mundi,1810-06-14
27807,Yevr. II K 63,Legal document,Wednesday  9 Sivan 5577,Anno Mundi,1817
27808,Yevr. II K 64,Legal document,Wednesday 10 Heshvan 5579,Anno Mundi,1818
27809,Yevr. II K 65,Legal document,26 Sivan 5580,Anno Mundi,1820-06-08
27810,Yevr. II K 66,Legal document,"Wednesday, 2 Adar 5581",Anno Mundi,1821
27811,Yevr. II K 67,Legal document,25 Adar 5581,Anno Mundi,1821-02-27
27812,Yevr. II K 68,Legal document,"Wednesday, 12 Adar 5585",Anno Mundi,1825
27813,Yevr. II K 69,Legal document,"Wednesday, 14 Adar II 5586",Anno Mundi,1826
27814,Yevr. II K 7,Legal document,"Wednesday, 27 Shevat 5341",Anno Mundi,1581
27815,Yevr. II K 70,Legal document,"Wednesday, 14 Kislev 2137",Seleucid,1826
27816,Yevr. II K 71,Legal document,2183,Seleucid,1827
27817,Yevr. II K 72,Legal document,"Wednesday, 15 Adar II 5597",Anno Mundi,1837
27820,Yevr. II K 75,Legal document,"Tuesday 25 Kislev, 5610",Anno Mundi,1849
27821,Yevr. II K 76,Legal document,12 Adar II 5611,Anno Mundi,1851-03-16
27822,Yevr. II K 8,Legal document,Sivan 5388,Anno Mundi,1628-06-02/1628-07-01
27823,Yevr. II K 9,,5 Heshvan 5399,Anno Mundi,1638-10-13
27835,Yevr. III B 636,Legal document,Adar 1455,Seleucid,1144-02-07/1144-03-06
27849,Yevr. III B 856,Legal document,1[.] Sivan 1420,Seleucid,1109-05-11/1109-05-20
27892,Yevr.-Arab. I 902,Legal document,Ṭevet 1744,Seleucid,1432-11-24/1432-12-22
27894,Yevr.-Arab. II 1051,Legal document,8 Tevet 5337,Anno Mundi,1576-11-28
27899,Yevr.-Arab. II 1102,Paraliterary text,Sivan 1819,Seleucid,1508-04-30/1508-05-29
27904,Yevr.-Arab. II 1183,Legal document,2 Adar 5497,Anno Mundi,1737-02-03
27907,Yevr.-Arab. II 1275,Legal document,Sivan 5503,Anno Mundi,1743-05-24/1743-06-22
27908,Yevr.-Arab. II 1282,Legal document,19 Heshvan 5527,Anno Mundi,1766-10-22
27909,Yevr.-Arab. II 1292,,4 Heshvan 5488,Anno Mundi,1727-10-19
27911,Yevr.-Arab. II 1297,Legal document,8 Elul 5588,Anno Mundi,1828-08-18
27913,Yevr.-Arab. II 1368,Legal document,Rabīʿ I or Rabīʿ II 915,Hijrī,1509-06-19/1509-08-16
27915,Yevr.-Arab. II 1370,Legal document,19 Kislev 1857,Seleucid,1545-11-24
27916,Yevr.-Arab. II 1371,Legal document,27 Kislev 5346,Anno Mundi,1585-12-18
27917,Yevr.-Arab. II 1372,Legal document,6 Tammuz 5415,Anno Mundi,1655-07-11
27918,Yevr.-Arab. II 1373,Legal document,14 Adar 5525,Anno Mundi,1765-03-07
27919,Yevr.-Arab. II 1374,Legal document,29 Adar 5539,Anno Mundi,1779-03-17
27920,Yevr.-Arab. II 1375,Legal document,Sunday 23 Sivan 5506,Anno Mundi,1746-06-11
27921,Yevr.-Arab. II 1376,Legal document,Sunday 15 Tevet 5496,Anno Mundi,1735-12-30
27922,Yevr.-Arab. II 1377,Legal document,"Friday, 21 Tishrei 5527",Anno Mundi,1766-09-24
27923,Yevr.-Arab. II 1378,Legal document,25 Av 5335,Anno Mundi,1575-08-01
27924,Yevr.-Arab. II 1379,Legal document,17 Heshvan 5472,Anno Mundi,1711-10-30
27926,Yevr.-Arab. II 1381,Legal document,4 Tevet 5530,Anno Mundi,1770-01-01
27927,Yevr.-Arab. II 1383,Legal document,15 Sivan 5519,Anno Mundi,1759-06-10
27928,Yevr.-Arab. II 1384,Legal document,1 Sivan 5347,Anno Mundi,1587-06-07
27930,Yevr.-Arab. II 1386,,Monday 19th Sivan 5410,Anno Mundi,1650
27931,Yevr.-Arab. II 1388,Legal document,4 Nisan 5417,Anno Mundi,1657-03-18
27932,Yevr.-Arab. II 1389,Legal document,5489,Anno Mundi,1728-09-04/1729-09-23
27934,Yevr.-Arab. II 1391,Letter,"Thursday, 8 Elul 1743",Seleucid,1432-08-06
27935,Yevr.-Arab. II 1392,Legal document,5398,Anno Mundi,1637-09-19/1638-09-08
27936,Yevr.-Arab. II 1394,Legal document,5351,Anno Mundi,1590-09-29/1591-09-18
27937,Yevr.-Arab. II 1395,Legal document,"Tuesday, 28 Elul 5406",Anno Mundi,1646-09-08
27938,Yevr.-Arab. II 1396,Legal document,Adar II 5334–Sivan 5535,Anno Mundi,1574/1575
27939,Yevr.-Arab. II 1397,Legal document,12 Nisan 5402,Anno Mundi,1642-04-12
27940,Yevr.-Arab. II 1398,Legal document,29 Tammuz 5417,Anno Mundi,1657-07-10
27941,Yevr.-Arab. II 1399,Legal document,10 Iyyar 5454,Anno Mundi,1694-05-05
27942,Yevr.-Arab. II 1400,Legal document,5 Iyyar 5452,Anno Mundi,1692-04-21
27943,Yevr.-Arab. II 1401,Legal document,24 Shevat 1816,Seleucid,1505-01-29
27944,Yevr.-Arab. II 1402,Legal document,934,Hijrī,1527-09-27/1528-09-14
27947,Yevr.-Arab. II 1406,Legal document,15 Iyyar 5418,Anno Mundi,1658-05-18
27954,Yevr.-Arab. II 1413,Legal document,29 Shevat 5548,Anno Mundi,1788-02-07
27955,Yevr.-Arab. II 1414,Legal document,1 Shevat 5498,Anno Mundi,1738-01-22
27961,Yevr.-Arab. II 1422,List or table,5422,Anno Mundi,1662
27962,Yevr.-Arab. II 1423,Legal document,Sunday 16th Shevat 5415,Anno Mundi,1655
27963,Yevr.-Arab. II 1424,Legal document,Monday 17 Sivan 5524,Anno Mundi,1764-06-17
27964,Yevr.-Arab. II 1425,Legal document,18 Elul 5480,Anno Mundi,1720-09-21
27965,Yevr.-Arab. II 1426,Legal document,Thursday 8 Adar II 5529,Anno Mundi,1769-03-17
27966,Yevr.-Arab. II 1428,Legal document,8 Kislev 5535,Anno Mundi,1774-11-11
27967,Yevr.-Arab. II 1429,Legal document,"Thursday 7th Kislev, 5431",Anno Mundi,1671
27971,Yevr.-Arab. II 1434,Legal document,"Tuesday, 19 Tishrei 1778",Seleucid,1466
27972,Yevr.-Arab. II 1435,List or table,3 Elul 5530,Anno Mundi,1770-08-24
27975,Yevr.-Arab. II 1442,Legal document,5505,Anno Mundi,1744-09-07/1745-09-26
27978,Yevr.-Arab. II 1445,Legal document,"Monday, Iyyar 2nd, 5405",Anno Mundi,1645
27982,Yevr.-Arab. II 1451,Legal document,5 Shevat 5409,Anno Mundi,1649-01-18
28009,Yevr.-Arab. II 1511,Letter,25 Tammuz 5341,Anno Mundi,1581-06-26
28013,Yevr.-Arab. II 1539,Legal document,12 Shevat 5407,Anno Mundi,1647-01-18
28015,Yevr.-Arab. II 1551,Legal document,28 Heshvan 5506,Anno Mundi,1745-11-23
28017,Yevr.-Arab. II 1553,Legal document,5531,Anno Mundi,1661
28018,Yevr.-Arab. II 1554,Legal document,14 Adar I 5529,Anno Mundi,1769-02-21
28019,Yevr.-Arab. II 1555,Legal document,13 Tevet 5515,Anno Mundi,1754-12-27
28020,Yevr.-Arab. II 1556,Legal document,22 Nisan 5441,Anno Mundi,1681-04-10
28021,Yevr.-Arab. II 1557,Legal document,Sunday 21 Heshvan 5511,Anno Mundi,1750-11-20
28022,Yevr.-Arab. II 1558,Legal document,Monday 10 Adar 5513,Anno Mundi,1753-02-14
28023,Yevr.-Arab. II 1559,Legal document,Sunday 17 Kislev 5509,Anno Mundi,1748-12-08
28024,Yevr.-Arab. II 1560,Legal document,8 Tishrei 5515,Anno Mundi,1754-09-24
28026,Yevr.-Arab. II 1563,Legal document,15 Sivan 5513,Anno Mundi,1753-06-17
28027,Yevr.-Arab. II 1564,Legal document,30 Shevat 5494,Anno Mundi,1734-02-03
28028,Yevr.-Arab. II 1565,Legal document,28th Tevet 5425,Anno Mundi,1665
28029,Yevr.-Arab. II 1566,Legal document,18 Adar 5579,Anno Mundi,1819-03-15
28030,Yevr.-Arab. II 1567,Legal document,1 Heshvan 5510,Anno Mundi,1749-10-13
28031,Yevr.-Arab. II 1568,Legal document,Sunday 8 Adar II 5548,Anno Mundi,1788-03-17
28032,Yevr.-Arab. II 1569,Legal document,23 Tevet 5529,Anno Mundi,1769-01-02
28033,Yevr.-Arab. II 1570,Legal document,10 Shevat 5523,Anno Mundi,1763-01-24
28034,Yevr.-Arab. II 1571,Legal document,4 Nisan 5403,Anno Mundi,1643-03-24
28035,Yevr.-Arab. II 1572,Legal document,(5)439,Anno Mundi,1679
28037,Yevr.-Arab. II 1576,Legal document,2 Adar 5446,Anno Mundi,1686-02-26
28038,Yevr.-Arab. II 1577,Legal document,Sunday 29 Iyyar 5471,Anno Mundi,1711-05-18
28039,Yevr.-Arab. II 1578,Legal document,Wednesday 3 Elul 5532,Anno Mundi,1772-09-01
28040,Yevr.-Arab. II 1579,Legal document,22 Heshvan 5515,Anno Mundi,1754-11-07
28042,Yevr.-Arab. II 1583,Legal document,Sunday 16th Nissan 5438,Anno Mundi,1677
28043,Yevr.-Arab. II 1584,Legal document,28 Av 5430,Anno Mundi,1670-08-14
28044,Yevr.-Arab. II 1586,Legal document,27 Shevat 5446,Anno Mundi,1686-02-21
28045,Yevr.-Arab. II 1587,Legal document,Thursday 13 Tishrei 5459,Anno Mundi,1698-09-18
28048,Yevr.-Arab. II 1590,Legal document,590,Hijrī,1500
28050,Yevr.-Arab. II 1595,Legal document,16 Tevet 5525,Anno Mundi,1765-01-09
28051,Yevr.-Arab. II 1596,Legal document,25 Nisan 5488,Anno Mundi,1728-04-04
28052,Yevr.-Arab. II 1597,Legal document,5432,Anno Mundi,1672
28053,Yevr.-Arab. II 1598,Legal document,Wednesday 15 Kislev 5523,Anno Mundi,1762-12-01
28054,Yevr.-Arab. II 1599,Legal document,2 Nisan 5406,Anno Mundi,1646-03-18
28055,Yevr.-Arab. II 1600,Legal document,15 Elul 5519,Anno Mundi,1759-09-07
28056,Yevr.-Arab. II 1612,Legal document,9 Av 5523,Anno Mundi,1763-07-19
28057,Yevr.-Arab. II 1616,Legal document,20 Kislev 5422,Anno Mundi,1661-12-12
28059,Yevr.-Arab. II 1622,Legal document,14 Av 5430,Anno Mundi,1670-07-31
28060,Yevr.-Arab. II 1623,List or table,Sunday 7th Heshvan 5425,Anno Mundi,1665
28061,Yevr.-Arab. II 1624,Legal document,Nisan 5516,Anno Mundi,1756-04-01/1756-04-30
28062,Yevr.-Arab. II 1625,Legal document,18 Elul 5520,Anno Mundi,1760-08-30
28063,Yevr.-Arab. II 1627,Legal document,28 Nisan 5533,Anno Mundi,1773-04-21
28064,Yevr.-Arab. II 1628,Legal document,14 Adar 5509,Anno Mundi,1749-03-04
28065,Yevr.-Arab. II 1630,Legal document,2 Nisan 5576,Anno Mundi,1816-03-31
28066,Yevr.-Arab. II 1631,Legal document,Sunday 9 Adar 5511,Anno Mundi,1751-03-06
28068,Yevr.-Arab. II 1635,Legal document,Monday 8 Kislev 5514,Anno Mundi,1753-12-04
28070,Yevr.-Arab. II 1642,Legal document,12 Av 5520,Anno Mundi,1760-07-25
28071,Yevr.-Arab. II 1643,Legal document,Thursday 2 Kislev 5496,Anno Mundi,1735-11-17
28072,Yevr.-Arab. II 1644,Legal document,"Tuesday 5th Kislev, 5404",Anno Mundi,1644
28073,Yevr.-Arab. II 1645,Legal document,"Friday 1st Nisan, 5405",Anno Mundi,1645
28077,Yevr.-Arab. II 1738,Legal document,"Tuesday, 23 Tishrei 5408",Anno Mundi,1647-10-22
28079,Yevr.-Arab. II 1740,Legal document,11 Tishrei 5547,Anno Mundi,1786-10-03
28081,Yevr.-Arab. II 1752,Legal document,"Friday, 12 Tishrei 5350",Anno Mundi,1589-09-22
28085,Yevr.-Arab. II 2156,Legal document,Wednesday 23rd Iyyar 5410,Anno Mundi,1650
28101,Yevr.-Arab. II 850,Legal document,"Wednesday, 15 Elul 1548",Seleucid,1337-08-13
28105,Yevr.-Arab. II 946,Legal document,23 Tammuz 1837,Seleucid,1526-07-04
28106,Yevr.-Arab. II 954,Legal document,13 Shevat 5501,Anno Mundi,1741-01-30
28115,JRL SERIES A 1042,Letter,3 Kislev 5581,Anno Mundi,1820-11-09
28116,JRL SERIES A 1044,Legal document,5578,Anno Mundi,1817-09-11/1818-09-30
28117,JRL SERIES A 1050,Legal document,Heshvan 5349,Anno Mundi,1588-10-22/1588-11-19
28133,JRL SERIES A 1138,List or table,1139,Hijrī,1726-08-29/1727-08-18
28141,JRL SERIES A 1181,Letter,Elul 5539,Anno Mundi,1779-08-13/1779-09-10
28145,JRL SERIES A 120,Letter,19 Tishrei 5568,Anno Mundi,1807-10-21
28146,JRL SERIES A 1203,Legal document,Av 5564,Anno Mundi,1804-07-09/1804-08-07
28161,JRL SERIES A 131,Legal document,Av 5544,Anno Mundi,1784-07-19/1784-08-17
28214,JRL SERIES A 1889,Legal document,1 Ḥeshvan 5605,Anno Mundi,1844-10-14
28228,JRL SERIES A 287,Letter,8 Shevat 5572,Anno Mundi,1812-01-22
28239,JRL SERIES A 374,Legal document,1 Elul 5579,Anno Mundi,1819-08-22
28242,JRL SERIES A 385,Letter,11 Elul 5501,Anno Mundi,1741-08-23
28254,JRL SERIES A 428,List or table,Tammuz 5343,Anno Mundi,1583-06-21/1583-07-19
28255,JRL SERIES A 430,List or table,26 Elul 5539,Anno Mundi,1779-09-07
28263,JRL SERIES A 454,List or table,Dhū l-Ḥijja 1239,Hijrī,1824-07-28/1824-08-25
28270,JRL SERIES A 483,Legal document,Tishrei 5489,Anno Mundi,1728-09-04/1728-10-03
28281,JRL SERIES A 528,Legal document,Nisan 5578,Anno Mundi,1818-04-07/1818-05-06
28286,JRL SERIES A 559,Letter,17 Heshvan 5568,Anno Mundi,1807-11-18
28289,JRL SERIES A 570,List or table,5517,Anno Mundi,1756-09-25/1757-09-14
28293,JRL SERIES A 604,Legal document,1-10 Shevaṭ 5577,Anno Mundi,1817-01-18/1817-01-27
28294,JRL SERIES A 607,Legal document,Adar I 5562,Anno Mundi,1802-02-03/1802-03-04
28298,JRL SERIES A 621,List or table,5499,Anno Mundi,1738-09-15/1739-10-02
28299,JRL SERIES A 634,List or table,"Monday, 16 Tammuz 1438",Seleucid,1127
28302,JRL SERIES A 651,Letter,18 Av 5592,Anno Mundi,1832-08-14
28305,JRL SERIES A 663,List or table,5572,Anno Mundi,1811-09-19/1812-09-06
28315,JRL SERIES A 696,List or table,1117,Hijrī,1705-04-25/1706-04-14
28317,JRL SERIES A 701,Letter,22 Elul 5587,Anno Mundi,1827-09-14
28319,JRL SERIES A 719,List or table,Shawwāl 1117,Hijrī,1706-01-16/1706-02-13
28320,JRL SERIES A 726,Legal document,1 Heshvan 5561,Anno Mundi,1800-10-20
28326,JRL SERIES A 741,List or table,3 Sivan 5594,Anno Mundi,1834-06-10
28329,JRL SERIES A 758,Legal document,Adar I 5581,Anno Mundi,1821-02-03/1821-03-04
28334,JRL SERIES A 779,Letter,25 Shevat 5582,Anno Mundi,1822-02-16
28335,JRL SERIES A 781,Literary text,9 Av 5535,Anno Mundi,1775-08-05
28337,JRL SERIES A 784,Legal document,14 Jumādā I 1249,Hijrī,1833-09-29
28338,JRL SERIES A 791,Legal document,1 Elul 5557,Anno Mundi,1797-08-23
28339,JRL SERIES A 792,Legal document,24 Ramaḍān 1249,Hijrī,1834-02-04
28341,JRL SERIES A 803,Letter,28 Sivan 5585,Anno Mundi,1825-06-14
28356,JRL SERIES A 889,Legal document,Av 5578,Anno Mundi,1818-08-03/1818-09-01
28358,JRL SERIES A 892,Legal document,25 Shevat 5562,Anno Mundi,1802-01-28
28364,JRL SERIES A 905,Legal document,10 Heshvan 5552,Anno Mundi,1791-11-07
28371,JRL SERIES A 927,Legal document,25 Tammuz 5548,Anno Mundi,1788-07-30
28373,JRL SERIES A 946,Letter,2 Elul 5578,Anno Mundi,1818-09-03
28375,JRL SERIES A 960,Legal document,10 Adar 5639,Anno Mundi,1879-03-05
28384,JRL SERIES B 1935,List or table,22 Heshvan 5590,Anno Mundi,1829-11-18
28394,JRL SERIES B 1979,List or table,15 Nisan 5555,Anno Mundi,1795-04-04
28396,JRL SERIES B 2003 + AIU VII.F.9 + AIU VII.F.12 + AIU VII.F.88 + JRL SERIES B 3546,List or table,5564,Anno Mundi,1803-09-17/1804-09-05
28397,JRL SERIES B 2024,Credit instrument or private receipt,18 Elul 5572,Anno Mundi,1812-08-26
28435,JRL SERIES B 2400,Letter,3 Elul 5583,Anno Mundi,1823-08-10
28441,JRL SERIES B 2448,Letter,Rabīʿ II 534,Hijrī,1139-11-25/1139-12-23
28453,JRL SERIES B 2542,Letter,1 Heshvan 5446,Anno Mundi,1685-10-29
28470,JRL SERIES B 2672,Letter,Elul 5584,Anno Mundi,1824-08-25/1824-09-22
28487,JRL SERIES B 2751,Legal document,1219–20,Hijrī,1804/1806
28489,JRL SERIES B 2773,List or table,5509,Anno Mundi,1748-09-23/1749-09-12
28492,JRL SERIES B 2784,Legal document,5461,Anno Mundi,1700-09-14/1701-10-02
28517,JRL SERIES B 2925,Letter,20 Tammuz 5596,Anno Mundi,1836-07-05
28540,JRL SERIES B 3126,Legal document,8 Iyar 5558,Anno Mundi,1798-04-24
28565,JRL SERIES B 3379,List or table,25 Shawwal 1136,Hijrī,1724-07-17
28576,JRL SERIES B 3546 + AIU VII.F.9 + AIU VII.F.12 + AIU VII.F.88 + JRL SERIES B 2003,List or table,5564,Anno Mundi,1803-09-17/1804-09-05
28588,JRL SERIES B 3630,Credit instrument or private receipt,1248,Hijrī,1832-05-31/1833-05-20
28646,JRL SERIES B 4201,Letter,21 Sivan 5486,Anno Mundi,1726-06-20
28656,JRL SERIES B 4269,Legal document,"Monday, 14 Tammuz 1454",Seleucid,1143-06-28
28684,JRL SERIES B 4500,Paraliterary text,"Monday, 25 Kislev 5522",Anno Mundi,1761-12-21
28844,JRL SERIES B 6270,List or table,1343,Seleucid,1031-09-20/1032-09-08
28852,JRL SERIES B 6420,Letter,1439,Seleucid,1127/1128
28888,JRL SERIES B 7234,Legal document,1471,Seleucid,1159-09-14/1160-09-02
28919,JRL SERIES B 8394,Credit instrument or private receipt,Av 5579/Av 5582,Anno Mundi,1819-07/1822-07
28948,F 1908.44P,Legal document,2 Shawwāl 454,Hijrī,1062-10-09
28990,T-S AS 148.132,Credit instrument or private receipt,Adar 1476,Seleucid,1165-02-15/1165-03-15
28993,T-S AS 148.13b,Credit instrument or private receipt,Sivan 1452,Seleucid,1141
28997,T-S AS 151.145,Credit instrument or private receipt,"Adar II, 1451",Seleucid,1140
29002,T-S AS 148.203,Credit instrument or private receipt,Av 1452,Seleucid,1141
29003,T-S AS 152.117,Credit instrument or private receipt,1451,Seleucid,1140
29011,T-S Ar.35.73,Legal document,3 Rabīʿ I 607,Hijrī,1210-08-25
29013,T-S AS 147.71,Legal document,"Monday, 17 Adar II 1559",Seleucid,1248-03-13
29021,T-S AS 183.172,State document,10 Ṣafar 404,Hijrī,1013-08-21
29022,CUL Or.1080 J7,Legal document,1351,Seleucid,1039/1040
29024,T-S AS 177.591,State document,3 Shawwāl 405,Hijrī,1015-03-27
29029,T-S Ar.34.90,State document,25 Dhū l-Qa‘da 403,Hijrī,1013-06
29091,T-S AS 137.102,State document,Shawwāl 680,Hijrī,1282-01-13/1282-02-10
29187,T-S NS 305.82,Legal document,Iyyar 1451,Seleucid,1140
29330,T-S 16.28,Legal document,7 Nisan 4962,Anno Mundi,1202-04-01
29354,T-S AS 146.88,Credit instrument or private receipt,7 Nisan 1450,Seleucid,1139
29366,T-S AS 146.179 + T-S AS 146.204 + T-S AS 146.290 + T-S AS 146.327,Legal document,24 Shevaṭ 1441,Seleucid,1130-02-05
29385,T-S 8D1,Literary text,Iyyar 1512,Seleucid,1201-04-07/1201-05-05
29425,HUC 1034,Letter,"Monday, 5 Adar [5318]",Anno Mundi,1558-01-24
29446,AIU VII.D.1,Legal document,"Thursday, 11 Kislev 1360",Seleucid,1048-11-20
29668,ENA 1691.20,Legal document,20 Adar 5442,Anno Mundi,1682-02-28
29722,ENA 2741.7,Legal document,4 Ḥeshvan [13]94,Seleucid,1082
29821,ENA NS 35.17,Legal document,41[.],Hijrī,1019/1029
29866,F 1908.44G,Legal document,"Friday, 25 Sivan 1462",Seleucid,1151-06-11
29872,F 1908.44H,Letter,Ḥeshvan 1543,Seleucid,1231-09-29/1231-10-27
29887,F 1908.44K,Legal document,"Tuesday, 29 Tammuz 1590",Seleucid,1279-07-11
29902,F 1908.44NN,Legal document,1823,Seleucid,1511-09-23/1512-09-10
29944,JRL Gaster heb. ms 1772/5,Letter,13 Heshvan 5333,Anno Mundi,1572-10-20
30079,NLI 577.2/24,State document,Ramaḍān 442,Hijrī,1051-01-17/1051-02-15
30149,"PUL Islamic Manuscripts, Third Series no. 584e.1 (Michaelides 1)",Legal document,28 Rabīʿ I 810,Hijrī,1407-09-02
30162,"PUL Islamic Manuscripts, Third Series no. 584e.14 (Michaelides 14)",Legal document,24 Ramaḍān 815,Hijrī,1412
30190,"PUL Islamic Manuscripts, Third Series no. 584e.9 (Michaelides 9)",Legal document,20 Muḥarram 808,Hijrī,1405-07-18
30191,"PUL Islamic Manuscripts, Third Series no. 584e.13 (Michaelides 13)",Legal document,13 Rabīʿ I 591,Hijrī,1195-02-25
30195,PUL Garrett Additional 20.12,State document,431,Hijrī,1039-09-23/1040-09-10
30198,PUL Garrett Additional 20.17,State document,701,Hijrī,1301-09-06/1302-08-25
30200,PUL Garrett Additional 20.21,State document,1106,Hijrī,1694-08-22/1695-08-11
30201,PUL Garrett Additional 20.22,Legal document,396,Hijrī,1005-10-08/1006-09-26
30204,PUL Garrett Additional 20.26,Legal document,Rabīʿ I 407,Hijrī,1016-08-08/1016-09-06
30205,PUL Garrett Additional 20.27,Legal document,Rajab 369,Hijrī,0980-01-22/0980-02-20
30206,PUL Garrett Additional 20.28,Legal document,Jumādā I 394,Hijrī,1004-02-25/1004-03-25
30208,PUL Garrett Additional 20.1,State document,Dhū l-Qaʿda 403,Hijrī,1013-05-14/1013-06-12
30209,PUL Garrett Additional 20.2,State document,701,Hijrī,1301-09-06/1302-08-25
30215,PUL Garrett Additional 20.13,Legal document,591,Hijrī,1194-12-16/1195-12-05
30216,PUL Garrett Additional 20.13*,Legal document,15 Dhū l-Ḥijja 808,Hijrī,1406-06-03
30220,JRL Series L 3,Letter,5579,Anno Mundi,1818-10-01/1819-09-19
30225,JRL Series L 14,Letter,17 Sivan 5585,Anno Mundi,1825-06-03
30226,JRL Series L 18,Legal document,"Sunday, 16 Shevaṭ 5567",Anno Mundi,1807-01-25
30227,JRL Series L 20,Legal document,15 Tammuz 5520,Anno Mundi,1760-06-29
30229,JRL Series L 26,Letter,5 Shevaṭ 5565,Anno Mundi,1805-01-05
30230,JRL Series L 28,List or table,1 Sivan 5594,Anno Mundi,1834-06-08
30231,JRL Series L 29,Legal document,Tishrei 5583,Anno Mundi,1822-09-16/1822-10-15
30237,JRL Series L 43,Letter,20 Nisan 5571,Anno Mundi,1811-04-14
30252,JRL Series L 115,Letter,Kislev 5480,Anno Mundi,1719-11-13/1719-12-12
30253,JRL Series L 128,Legal document,10 Adar 5502,Anno Mundi,1742-02-14
30257,JRL Series L 150,,1253,Hijrī,1837-04-07/1838-03-26
30259,JRL Series L 155,Legal document,5604,Anno Mundi,1843-09-25/1844-09-13
30262,JRL Series L 165,List or table,5495,Anno Mundi,1734-09-28/1735-09-16
30268,JRL Series L 192,Letter,"Tuesday, 25 Ḥeshvan 5569",Anno Mundi,1808-11-15
30271,JRL Series L 205,Letter,15 Sivan 5584,Anno Mundi,1824-06-11
30274,JRL Series L 219,Letter,5 Adar I 5586,Anno Mundi,1826-02-12
30281,JRL Series L 269,Letter,Adar 5579,Anno Mundi,1819-02-26/1819-03-26
30304,AIU III.D.31,Letter,Heshvan 5404,Anno Mundi,1643-10-14/1643-11-11
30309,BL OR 5544.18,Letter,Elul 5569,Anno Mundi,1809-08-13/1809-09-10
30310,BL OR 6356.1–16,Legal document,5443,Anno Mundi,1682-10-03/1683-09-20
30311,BL OR 12369.13,Legal document,Sivan 5555,Anno Mundi,1795-05-19/1795-06-17
30314,T-S 16.349,Letter,Av 5493 – Tishrei 5494,Anno Mundi,1733
30335,AIU VII.E.26,Letter,10 Heshvan 5580,Anno Mundi,1819-10-29
30338,AIU VII.E.30,Letter,15 Elul 5478,Anno Mundi,1718-09-11
30347,AIU VII.E.45,Letter,15 Tammuz 5578,Anno Mundi,1818-07-19
30348,AIU VII.E.46,Letter,Heshvan 5568,Anno Mundi,1807-11-02/1807-12-01
30349,AIU VII.E.47,Legal document,1 Tammuz 5494,Anno Mundi,1734-07-02
30350,AIU VII.E.48,Letter,23 Tammuz 5571,Anno Mundi,1811-07-15
30352,AIU VII.E.50,Letter,7 Shevat 5568,Anno Mundi,1808-02-05
30354,AIU VII.E.53,Letter,5458,Anno Mundi,1697-09-16/1698-09-05
30358,AIU VII.E.58,Letter,Kislev 5569,Anno Mundi,1808-11-20/1808-12-19
30361,AIU VII.E.61,Letter,12 Ḥeshvan 5573,Anno Mundi,1812-10-18
30364,AIU VII.E.64,Letter,27 Tishrei 5585,Anno Mundi,1824-10-19
30365,AIU VII.E.65,Letter,24 Elul 5568,Anno Mundi,1808-09-16
30367,AIU VII.E.67,Letter,17 Heshvan 5573,Anno Mundi,1812-10-23
30368,AIU VII.E.68,Letter,Nisan 5581,Anno Mundi,1821-04-03/1821-05-02
30371,AIU VII.E.71,Letter,Tishrei 5568,Anno Mundi,1807-10-03/1807-11-01
30372,AIU VII.E.72,Letter,5557,Anno Mundi,1796-10-03/1797-09-20
30373,AIU VII.E.73,Letter,12 Ḥeshvan 5572,Anno Mundi,1811-10-30
30374,AIU VII.E.74,Letter,20 Av 5560,Anno Mundi,1800-08-11
30376,AIU VII.E.76,Letter,5582,Anno Mundi,1821-09-27/1822-09-15
30377,AIU VII.E.77,Letter,Iyyar 5569,Anno Mundi,1809-04-17/1809-05-15
30378,AIU VII.E.78,Letter,Adar 5568,Anno Mundi,1808-02-29/1808-03-28
30380,AIU VII.E.80,Letter,Heshvan 5568,Anno Mundi,1807-11-02/1807-12-01
30385,AIU VII.E.85,Letter,Adar 5510,Anno Mundi,1750-02-07/1750-03-08
30391,AIU VII.E.92,Letter,29 Elul 5569,Anno Mundi,1809-09-10
30392,AIU VII.E.94,Letter,12 Adar I 5562,Anno Mundi,1802-02-14
30395,AIU VII.E.97,Letter,"Friday, 29 Adar II 5559",Anno Mundi,1799-04-05
30396,AIU VII.E.98,Letter,"Sunday, 21 Adar II 5480",Anno Mundi,1720-03-31
30397,AIU VII.E.99,Letter,5580,Anno Mundi,1819-09-20/1820-09-08
30398,AIU VII.E.100,Letter,1239,Hijrī,1823-09-07/1824-08-25
30399,AIU VII.E.101,Letter,25 Tammuz 5567,Anno Mundi,1807-07-31
30401,AIU VII.E.103,Legal document,Kislev 5562,Anno Mundi,1801-11-06/1801-12-05
30406,AIU VII.E.110,Letter,30 Kislev 5584,Anno Mundi,1823-12-03
30411,AIU VII.E.115,Legal document,3 Sivan 5562,Anno Mundi,1802-06-03
30415,AIU VII.E.121,Letter,5575,Anno Mundi,1814-09-15/1815-10-04
30416,AIU VII.E.122,Letter,11 Kislev 5569,Anno Mundi,1808-11-30
30417,AIU VII.E.123,Letter,19 Adar 5574,Anno Mundi,1814-03-11
30418,AIU VII.E.124,Letter,20 Elul 5580,Anno Mundi,1820-08-30
30419,AIU VII.E.125,Letter,7 Elul 5577,Anno Mundi,1817-08-19
30421,AIU VII.E.127,Letter,Iyyar 5582,Anno Mundi,1822-04-22/1822-05-20
30422,AIU VII.E.128,Letter,1 Iyyar 5601,Anno Mundi,1841-04-22
30425,AIU VII.E.132,Letter,27 Heshvan 5568,Anno Mundi,1807-11-28
30427,AIU VII.E.134,Letter,24 Kislev 5568,Anno Mundi,1807-12-25
30430,AIU VII.E.137,Letter,7 Kislev 5604,Anno Mundi,1843-11-30
30431,AIU VII.E.138,Letter,5 Elul 5567,Anno Mundi,1807-09-08
30432,AIU VII.E.139,Letter,Iyyar 5569,Anno Mundi,1809-04-17/1809-05-15
30434,AIU VII.E.141,Letter,5533,Anno Mundi,1772-09-28/1773-09-17
30439,AIU VII.E.150,Letter,5590,Anno Mundi,1829-09-28/1830-09-17
30441,AIU VII.E.152,Letter,Tishrei 5568,Anno Mundi,1807-10-03/1807-11-01
30462,AIU VII.E.174,Letter,9 Nisan 5568,Anno Mundi,1808-04-06
30463,AIU VII.E.175,Letter,13 Nisan 5568,Anno Mundi,1808-04-10
30464,AIU VII.E.176,Letter,7 Nisan 5568,Anno Mundi,1808-04-04
30465,AIU VII.E.177,Letter,17 Kislev 5568,Anno Mundi,1807-12-18
30467,AIU VII.E.179,Letter,28 Av 5514,Anno Mundi,1754-08-16
30471,AIU VII.E.183,Letter,4 Tammuz 5580,Anno Mundi,1820-06-16
30474,AIU VII.E.186,Letter,5567,Anno Mundi,1806-09-13/1807-10-02
30475,AIU VII.E.187,Legal document,Sivan 5455,Anno Mundi,1695-05-15/1695-06-13
30477,AIU VII.E.189,Letter,12 Tevet 5564,Anno Mundi,1803-12-27
30481,AIU VII.E.224,Letter,11 Adar 5568,Anno Mundi,1808-03-10
30484,AIU VII.E.227,Legal document,Heshvan 5511,Anno Mundi,1750-10-31/1750-11-28
30485,AIU VII.E.228,Letter,15 Heshvan 5550,Anno Mundi,1789-11-04
30486,AIU VII.E.229,Letter,29 Tishrei 5548,Anno Mundi,1787-10-11
30489,AIU VII.E.232,Legal document,first decade of Kislev 5454,Anno Mundi,1693-11-29/1693-12-08
30498,AIU VII.E.241,Letter,4 Nisan 5472,Anno Mundi,1712-04-10
30503,AIU VII.D.2,Legal document,Sivan 1377,Seleucid,1066-05-28/1066-06-26
30504,AIU VII.D.3,Legal document,19 Kislev 1564,Seleucid,1252-11-22
30508,AIU VII.D.9,Legal document,Kislev 5496,Anno Mundi,1735-11-16/1735-12-15
30509,AIU VII.D.10,Legal document,12 Elul 5588,Anno Mundi,1828-08-22
30511,AIU VII.D.13,Legal document,Tishrei 5491,Anno Mundi,1730-09-12/1730-10-11
30513,AIU VII.D.15,Legal document,1 Kislev 5567,Anno Mundi,1806-11-12
30523,AIU VII.D.24,Legal document,5603,Anno Mundi,1842-09-05/1843-09-24
30525,AIU VII.D.26,Legal document,15 Kislev 5560,Anno Mundi,1799-12-13
30526,AIU VII.D.27,Legal document,15 Elul 5562,Anno Mundi,1802-09-12
30527,AIU VII.D.28,Legal document,5582,Anno Mundi,1821-09-27/1822-09-15
30528,AIU VII.D.29,Legal document,15 Ḥeshvan 54[8]9,Anno Mundi,1728-10-18
30532,AIU VII.D.36,Legal document,15 Elul 5486,Anno Mundi,1726-09-11
30534,AIU VII.D.65 + AIU VII.D.66 + AIU VII.D.38,Legal document,18 Shevat 5491,Anno Mundi,1731-01-25
30535,AIU VII.D.39,Legal document,17 Kislev 5[5]87,Anno Mundi,1826-12-17
30536,AIU VII.D.40,Legal document,16 Elul 5511,Anno Mundi,1751-09-06
30537,AIU VII.D.41,Legal document,14 Tishrei 5577,Anno Mundi,1816-10-06
30538,AIU VII.D.42,Legal document,1 Tevet 5486,Anno Mundi,1725-12-05
30540,AIU VII.D.44,Legal document,1482,Seleucid,1170-09-12/1171-09-01
30542,AIU VII.D.46,Legal document,Kislev 5488,Anno Mundi,1727-11-14/1727-12-13
30543,AIU VII.D.47,Legal document,1 Heshvan 5562,Anno Mundi,1801-10-08
30544,AIU VII.D.48,Legal document,Tishrei 5534,Anno Mundi,1773-09-18/1773-09-27
30545,AIU VII.D.49,Legal document,Heshvan 5491,Anno Mundi,1730-10-12/1730-11-09
30548,AIU VII.D.52,Legal document,17 Adar I 5589,Anno Mundi,1829-02-20
30550,AIU VII.D.54,Legal document,Tammuz 5537 AM,Anno Mundi,1777-07-06/1777-08-03
30551,AIU VII.D.55,Legal document,3 Tammuz 5554,Anno Mundi,1794-07-01
30552,AIU VII.D.56,Legal document,20 Adar 5579,Anno Mundi,1819-03-17
30553,AIU VII.D.57,Legal document,5442–43,Anno Mundi,1681/1683
30554,AIU VII.D.58,Legal document,[53]52,Anno Mundi,1591-09-19/1592-09-06
30555,AIU VII.D.59,Legal document,Kislev 5556,Anno Mundi,1795-11-13/1795-12-12
30556,AIU VII.D.60,Legal document,Adar II 5415,Anno Mundi,1655-03-10/1655-04-07
30557,AIU VII.D.61,Legal document,5550,Anno Mundi,1789-09-21/1790-09-08
30558,AIU VII.D.62,Legal document,30 Iyyar 5551,Anno Mundi,1791-06-03
30559,AIU VII.D.63,Legal document,8 Sivan 5536,Anno Mundi,1776-05-26
30561,AIU VII.D.38 + AIU VII.D.66 + AIU VII.D.65,Legal document,8 Heshvan 5491,Anno Mundi,1730-10-19
30564,AIU VII.D.68,Legal document,Tevet 5579,Anno Mundi,1818-12-29/1819-01-26
30565,AIU VII.D.69,Legal document,Adar II 5562,Anno Mundi,1802-03-05/1802-04-02
30566,AIU VII.D.70,Legal document,Shevat 5579,Anno Mundi,1819-01-27/1819-02-25
30567,AIU VII.D.71,Legal document,4995,Anno Mundi,1234-08-26/1235-09-14
30569,AIU VII.D.73,Legal document,5 Tevet 5570,Anno Mundi,1809-12-12
30580,AIU VII.D.85,Legal document,12 Tevet 5578,Anno Mundi,1817-12-21
30581,AIU VII.D.86,Legal document,5462,Anno Mundi,1701-10-03/1702-09-22
30583,AIU VII.D.88,Letter,2 Shevat 5558,Anno Mundi,1798-01-19
30585,AIU VII.D.90,Legal document,Heshvan 5591,Anno Mundi,1830-10-18/1830-11-16
30586,AIU VII.D.91–92,Legal document,Shevat 5581,Anno Mundi,1821-01-04/1821-02-02
30591,AIU VII.D.97,Legal document,Heshvan 5500,Anno Mundi,1739-11-02/1739-12-01
30592,AIU VII.D.98,Legal document,Sivan 5581,Anno Mundi,1821-06-01/1821-06-30
30593,BL OR 12369.11 + Yevr. II A 1292 + AIU VII.D.99,Legal document,Sivan 5582,Anno Mundi,1822-05-21/1822-06-19
30594,AIU VII.D.100,Legal document,29 Elul 5589,Anno Mundi,1829-09-27
30595,AIU VII.D.101,Legal document,24 Tishrei 5561,Anno Mundi,1800-10-13
30598,AIU VII.D.105,Legal document,9 Tevet 5480,Anno Mundi,1719-12-21
30600,AIU VII.D.107,Letter,27 Shevat 5[5]57,Anno Mundi,1797-02-23
30617,AIU VII.F.12 + AIU VII.F.88 + JRL SERIES B 2003 + JRL SERIES B 3546 + AIU VII.F.9,List or table,Heshvan 5564,Anno Mundi,1803-10-17/1803-11-15
30620,AIU VII.F.9 + AIU VII.F.88 + JRL SERIES B 2003 + JRL SERIES B 3546 + AIU VII.F.12,List or table,5560,Anno Mundi,1799-09-30/1800-09-19
30623,AIU VII.F.15,List or table,1 Nisan 5482,Anno Mundi,1722-03-19
30624,AIU VII.F.16,List or table,5575,Anno Mundi,1814-09-15/1815-10-04
30625,AIU VII.F.17,Letter,Dhū l-Ḥijja 1240,Hijrī,1825-07-17/1825-08-15
30628,AIU VII.F.20,List or table,1239,Hijrī,1823-09-07/1824-08-25
30630,AIU VII.F.22,State document,16 Rabīʿ II 1237,Hijrī,1822-01-10
30632,AIU VII.F.24,List or table,1237,Hijrī,1821-09-28/1822-09-17
30633,AIU VII.F.25,List or table,5556,Anno Mundi,1795-09-14/1796-10-02
30634,AIU VII.F.26,List or table,5589,Anno Mundi,1828-09-09/1829-09-27
30638,AIU VII.F.30,List or table,1245,Hijrī,1829-07-03/1830-06-21
30639,AIU VII.F.31,List or table,14 Shevat 5595,Anno Mundi,1835-02-13
30640,AIU VII.F.32,Paraliterary text,5558,Anno Mundi,1797-09-21/1798-09-10
30643,AIU VII.F.35,List or table,Shevat 5600,Anno Mundi,1840-01-06/1840-02-04
30644,AIU VII.F.36,List or table,5580,Anno Mundi,1819-09-20/1820-09-08
30647,AIU VII.F.39,Letter,5557,Anno Mundi,1796-10-03/1797-09-20
30658,AIU VII.F.51,List or table,5581,Anno Mundi,1820-09-09/1821-09-26
30659,AIU VII.F.52,List or table,Tammuz 5583,Anno Mundi,1823-06-10/1823-07-08
30664,AIU VII.F.57,List or table,Dhū l-Qaʿda 1242,Hijrī,1827-05-27/1827-06-25
30667,AIU VII.F.60,List or table,5567,Anno Mundi,1806-09-13/1807-10-02
30670,AIU VII.F.63,List or table,5569,Anno Mundi,1808-09-22/1809-09-10
30671,AIU VII.F.64,List or table,Jumada II 1236,Hijrī,1821-03-06/1821-04-03
30677,AIU VII.F.70,List or table,Jumāda II 1242,Hijrī,1826-12-31/1827-01-28
30678,AIU VII.F.71,List or table,1206,Hijrī,1791-08-31/1792-08-18
30690,AIU VII.F.83,List or table,1267,Hijrī,1850-11-06/1851-10-26
30695,AIU VII.F.9 + AIU VII.F.12 + JRL SERIES B 2003 + JRL SERIES B 3546 + AIU VII.F.88,List or table,Tishrei 5565,Anno Mundi,1804-09-06/1804-10-05
30700,AIU VII.F.93,List or table,15 Tammuz 5494,Anno Mundi,1734-07-16
30702,AIU VII.F.95,List or table,5443,Anno Mundi,1682-10-03/1683-09-20
30706,AIU VII.F.99,List or table,5637,Anno Mundi,1876-09-19/1877-09-07
30726,AIU IX.B.16,Letter,Shevat 5548,Anno Mundi,1788-01-10/1788-02-08
30727,AIU IX.B.17,Letter,22 Iyyar 5565,Anno Mundi,1805-05-21
30732,AIU IX.B.22,Letter,Elul 5537,Anno Mundi,1777-09-03/1777-10-01
30733,AIU IX.B.23,Letter,9 Iyyar 5545,Anno Mundi,1785-04-19
30734,AIU IX.B.24,Letter,12 Kislev 5551,Anno Mundi,1790-11-19
30735,AIU IX.B.25,Letter,23 Kislev 5572,Anno Mundi,1811-12-09
30736,AIU IX.B.26,Letter,12 Av 5573,Anno Mundi,1813-08-08
30738,AIU IX.B.28,Letter,Sivan 5480,Anno Mundi,1720-06-07/1720-07-06
30818,ENA 2697.9 + T-S Ar.31.58 + T-S Ar.30.245 + ENA 2697.8,State document,Shaʿbān 507,Hijrī,1113/1114
30831,BL OR 5557B.17,State document,18 Shawwāl 407,Hijrī,1017-03-20
30854,JRL Gaster ar. 202,State document,13 Shaʿbān 534,Hijrī,1140-04-03
30886,AIU XI.77,List or table,23 Iyyar 5623,Anno Mundi,1863-05-12
30901,AIU XI.188,List or table,5422,Anno Mundi,1661-09-24/1662-09-13
30910,AIU XI.269,Letter,Elul 5583,Anno Mundi,1823-08-08/1823-09-05
30914,AIU XII.1,Legal document,8 Ramaḍān 1053,Hijrī,1643-11-20
30916,AIU XII.3,State document,2 Rajab 502,Hijrī,1109-02-05
30943,AIU XII.30,List or table,1246,Hijrī,1830-06-22/1831-06-11
30944,AIU XII.31,Credit instrument or private receipt,859-04-13,Hijrī,1454-12-22/1455-12-10
30946,AIU XII.33,State document,Jumada I 1238,Hijrī,1823-01-14/1823-02-12
30950,AIU XII.37,Letter,Ramaḍān 1149,Hijrī,1737-01-03/1737-02-01
30951,AIU XII.38,List or table,Dhu l-Hijja 1237,Hijrī,1822-08-19/1822-09-17
30955,AIU XII.42,Credit instrument or private receipt,Sha'ban 1248,Hijrī,1832-12-24/1833-01-21
30956,AIU XII.43,List or table,27 Ramadan 1234,Hijrī,1819-07-20
30962,AIU XII.49,State document,528,Hijrī,1133-11-01/1134-10-21
30965,AIU XII.52,Legal document,1239,Hijrī,1823-09-07/1824-08-25
30981,AIU XII.69,State document,Jumādā I 594,Hijrī,1198-03-11/1198-04-09
30989,AIU XII.77,Credit instrument or private receipt,1220,Hijrī,1805-04-01/1806-03-20
30990,AIU XII.78,Legal document,634-06-14,Hijrī,1236-09-04/1237-08-23
30992,AIU XII.81,Legal document,18 Shawwāl 628,Hijrī,1231-08-19
30993,AIU XII.82,Legal document,23 Dhu l-Qaʿda 1222,Hijrī,1808-01-22
30995,AIU XII.84,Letter,17 Jumada I 1236,Hijrī,1821-02-20
30996,AIU XII.85,Letter,Ramaḍān 1133,Hijrī,1721-06-26/1721-07-25
30998,AIU XII.87,Letter,19 Safar 1224,Hijrī,1809-04-05
31003,AIU XII.92,State document,26 Ramaḍān 524,Hijrī,1130-09-02
31012,AIU XII.101,Legal document,19 Shaʿbān 930,Hijrī,1524-06-22
31014,AIU XII.103,List or table,2 Rajab 1219,Hijrī,1804-10-07
31017,AIU XII.106,List or table,12 Muharram 1237,Hijrī,1821-10-09
31026,AIU XII.115,Letter,1253,Hijrī,1837-04-07/1838-03-26
31029,AIU XII.118,Letter,4 Rajab 1236,Hijrī,1821-04-07
31035,AIU XII.124,Letter,Shawwal 1076,Hijrī,1666-04-06/1666-05-04
31058,AIU XII.147,Legal document,723-01-27,Hijrī,1323-01-10/1323-12-29
31080,AIU XII.169,Legal document,1247-05-18,Hijrī,1831-06-12/1832-05-30
31083,AIU XII.172,Legal document,18 Dhū l-Qaʿda 1050,Hijrī,1641-03-01
31084,AIU XII.173,Legal document,7 Shawwal 1059,Hijrī,1649-10-14
31228,JRL Gaster heb. ms 1861/8 + T-S NS 320.122,Legal document,6 Nisan 5304,Anno Mundi,1544-03-30
31238,Bodl. MS heb. c 64/2,Letter,5449,Anno Mundi,1688-09-25/1689-09-14
31239,Bodl. MS heb. c 64/3,Letter,5487,Anno Mundi,1726-09-26/1727-09-15
31240,Bodl. MS heb. c 64/4,Letter,5487,Anno Mundi,1726-09-26/1727-09-15
31241,Bodl. MS heb. c 64/5,Letter,5496,Anno Mundi,1735-09-17/1736-09-05
31242,Bodl. MS heb. c 64/6,Letter,5508,Anno Mundi,1747-09-05/1748-09-22
31243,Bodl. MS heb. c 64/7,Letter,5520,Anno Mundi,1759-09-22/1760-09-10
31246,Bodl. MS heb. c 64/10,Letter,5539,Anno Mundi,1778-09-22/1779-09-10
31247,Bodl. MS heb. c 64/11,Letter,5542,Anno Mundi,1781-09-20/1782-09-08
31248,Bodl. MS heb. c 64/12,Letter,5552,Anno Mundi,1791-09-29/1792-09-16
31249,Bodl. MS heb. c 64/13,Letter,Nisan 5567,Anno Mundi,1807-04-09/1807-05-08
31260,"Moss. IIIa,9 + T-S AS 212.54 + T-S AS 212.55 + T-S AS 214.40",Letter,23 Ḥeshvan 5310,Anno Mundi,1549-11-14
31284,CUL Or.1081 2.49,Letter,Nisan 5562,Anno Mundi,1802-04-03/1802-05-02
31286,CUL Or.1081 2.59,Letter,1 Sivan 5568,Anno Mundi,1808-05-27
31315,T-S 20.14,Legal document,Adar I 1383,Seleucid,1072-01-23/1072-02-21
31326,BL OR 5543.1,Legal document,12 Ḥeshvan 5330,Anno Mundi,1569-10-23
31327,BL OR 5543.4,Legal document,16 Sivan 5552,Anno Mundi,1792-06-06
31328,BL OR 5543.5,Legal document,6 Tevet 5557,Anno Mundi,1797-01-04
31329,BL OR 5543.6,Legal document,29 Adar II 5562,Anno Mundi,1802-04-02
31330,BL OR 5543.7,Legal document,Tishrei 5564,Anno Mundi,1803-09-17/1803-10-16
31331,BL OR 5543.8,Legal document,Iyyar 5582,Anno Mundi,1822-04-22/1822-05-20
31332,BL OR 5543.9,Legal document,1 Sivan 5476,Anno Mundi,1716-05-22
31333,BL OR 5543.10,Legal document,13 Shevat 5552,Anno Mundi,1792-02-06
31334,BL OR 5543.11,Legal document,14 Tishrei 5566,Anno Mundi,1805-10-07
31335,BL OR 5543.12,Legal document,"Monday, 11 Sivan 5591",Anno Mundi,1831-05-23
31458,CUL Or.1080 14.46,Literary text,11 Rajab 989,Hijrī,1581-08-11
31509,CUL Or.1080 14.47,List or table,1090,Hijrī,1679-02-12/1680-02-01
31557,ENA 2050.2 + ENA 2050.1,Letter,3 Adar 5489,Anno Mundi,1729-02-02
31585,T-S 8Ja1.1,Legal document,24 Shawwāl 450,Hijrī,1058-12-14
31603,JTS Schechter 20,Letter,Tammuz 4867,Anno Mundi,1107-06-23/1107-07-21
31694,Bodl. MS heb. b 11/7,State document,500,Hijrī,1106-09-02/1107-08-21
31695,Bodl. MS heb. d 78/38,State document,437,Hijrī,1045-07-19/1046-07-07
31697,BL OR 12369.27,Legal document,11 Tishrei 5567,Anno Mundi,1806-09-23
31724,NLI 577.8/5,Legal document,1142,Hijrī,1729-07-27/1730-07-16
31725,NLI 577.8/6,Legal document,Dhū l-Ḥijja 1157,Hijrī,1745-01-05/1745-02-02
31728,NLI 577.8/9,Legal document,20 Shawwāl 864,Hijrī,1460-08-08
31737,JRL Gaster ar. 205,State document,1247,Hijrī,1831-06-12/1832-05-30
31739,JRL Gaster ar. 207,Legal document,6 Rabiʿ II 1226,Hijrī,1811-04-30
31745,JRL Gaster ar. 216,State document,Muḥarram 567,Hijrī,1171-09-04/1171-10-03
31746,JRL Gaster ar. 217,Letter,Shaʿbān 1223,Hijrī,1808-09-22/1808-10-20
31749,JRL Gaster ar. 221,Letter,123[.],Hijrī,1814/1824
31765,JRL Gaster ar. 240,Legal document,659,Hijrī,1260-12-06/1261-11-25
31776,JRL Gaster ar. 251,Legal document,408,Hijrī,1017-05-30/1018-05-19
31811,JRL Gaster ar. 292,Legal document,10 Rabīʿ II 603,Hijrī,1206-11-14
31813,JRL Gaster ar. 294,Legal document,7 Rabīʿ II 1239,Hijrī,1823-12-11
31816,JRL Gaster ar. 297,Legal document,28 Ramadan 1235,Hijrī,1820-07-09
31818,JRL Gaster ar. 299,Legal document,"Monday, 7 Jumādā I 1243",Hijrī,1827-11-26
31824,Yevr.-Arab. I 1700.2,Legal document,8 Iyyar 1467,Seleucid,1156-04-30
31825,Yevr.-Arab. I 1700.2,Legal document,8 Iyyar 1467,Seleucid,1156-04-30
31831,Yevr.-Arab. I 1700.9r–10r,Legal document,25 Iyyar 1467,Seleucid,1156-05-17
31843,Yevr.-Arab. I 1700.15,Legal document,20 Sivan 1467,Seleucid,1156-06-10
31851,JRL SERIES C 1,List or table,5593,Anno Mundi,1832-09-25/1833-09-13
31852,JRL SERIES C 2,List or table,5597,Anno Mundi,1836-09-12/1837-09-29
31857,JRL SERIES C 7,List or table,6 Jumada I 1235,Hijrī,1820-02-20
31863,JRL SERIES C 13,List or table,1238,Hijrī,1822-09-18/1823-09-06
31865,JRL SERIES C 15,List or table,24 Av 5569,Anno Mundi,1809-08-06
31866,JRL SERIES C 16,State document,14 Shawwal 1239,Hijrī,1824-06-12
31868,JRL SERIES C 18,List or table,Heshvan 5597,Anno Mundi,1836-10-12/1836-11-09
31870,JRL SERIES C 20,List or table,27 Tevet 5566,Anno Mundi,1806-01-17
31877,JRL SERIES C 27,List or table,Rabi' II 1238,Hijrī,1822-12-16/1823-01-13
31879,JRL SERIES C 29,List or table,1207-08,Hijrī,1792-08-19/1794-07-28
31882,JRL SERIES C 32,List or table,5576,Anno Mundi,1815-10-05/1816-09-22
31891,JRL SERIES C 41,List or table,3 Jumada I 1236,Hijrī,1821-02-06
31892,JRL SERIES C 42,List or table,Jumada I 1238,Hijrī,1823-01-14/1823-02-12
31898,JRL SERIES C 48,List or table,Shawwal 1237,Hijrī,1822-06-21/1822-07-19
31899,JRL SERIES C 49,List or table,8 Elul 5588,Anno Mundi,1828-08-18
31901,JRL SERIES C 51,List or table,Av 5595,Anno Mundi,1835-07-27/1835-08-25
31906,JRL SERIES C 56,List or table,5600,Anno Mundi,1839-09-09/1840-09-27
31907,JRL SERIES C 57,List or table,7 Muharram 1256,Hijrī,1840-03-11
31919,JRL SERIES C 69,List or table,5603,Anno Mundi,1842-09-05/1843-09-24
31923,JRL SERIES C 73,List or table,5538,Anno Mundi,1777-10-02/1778-09-21
31925,JRL SERIES C 75,Legal document,Kislev 5580,Anno Mundi,1819-11-19/1819-12-18
31927,JRL SERIES C 77,List or table,5596,Anno Mundi,1835-09-24/1836-09-11
31934,JRL SERIES C 84,List or table,22 Heshvan 5496,Anno Mundi,1735-11-07
31935,JRL SERIES C 85,Letter,18 Elul 5580,Anno Mundi,1820-08-28
31943,JRL SERIES C 93 + JRL SERIES C 77,List or table,5596,Anno Mundi,1835-09-24/1836-09-11
31946,JRL SERIES C 96,List or table,Adar I 5593,Anno Mundi,1833-02-20/1833-03-20
31947,JRL SERIES C 97,List or table,1255,Hijrī,1839-03-17/1840-03-04
31952,JRL SERIES C 102,List or table,1078,Hijrī,1667-06-23/1668-06-10
31954,JRL SERIES C 104,List or table,Dhū l-Qaʿda 1238,Hijrī,1823-07-10/1823-08-08
31957,JRL SERIES C 107,List or table,5590,Anno Mundi,1829-09-28/1830-09-17
31962,JRL SERIES C 112,List or table,Safar 1234,Hijrī,1818-11-30/1818-12-28
31964,JRL SERIES C 114,List or table,Elul 5593,Anno Mundi,1833-08-16/1833-09-13
31966,JRL SERIES C 116,List or table,8 Muharram 1267,Hijrī,1850-11-13
31967,JRL SERIES C 117,List or table,1 Heshvan 5319,Anno Mundi,1558-10-13
31968,JRL SERIES C 118,List or table,15 Nisan 5554,Anno Mundi,1794-04-15
31972,JRL SERIES C 122,List or table,Muḥarram 1245,Hijrī,1829-07-03/1829-08-01
31973,JRL SERIES C 123,List or table,5592,Anno Mundi,1831-09-08/1832-09-24
31974,JRL SERIES C 124,List or table,13 Shawwal 1238,Hijrī,1823-06-23
31975,JRL SERIES C 125,List or table,1237,Hijrī,1821-09-28/1822-09-17
31977,JRL SERIES C 127,List or table,21 Tishrei 5605,Anno Mundi,1844-10-04
31978,JRL SERIES C 128,List or table,Jumada I 1238,Hijrī,1823-01-14/1823-02-12
31980,JRL SERIES C 130,List or table,Tishrei 5481,Anno Mundi,1720-10-03/1720-11-01
31984,JRL SERIES C 134,List or table,15 Nisan 5553,Anno Mundi,1793-03-28
31988,JRL SERIES C 138,List or table,5577,Anno Mundi,1816-09-23/1817-09-10
31989,JRL SERIES C 139,List or table,Shaʿbān 1193,Hijrī,1779-08-14/1779-09-11
31992,JRL SERIES C 142,List or table,5 Ṣafar 1257,Hijrī,1841-03-29
31993,JRL SERIES C 143,,5592,Anno Mundi,1831-09-08/1832-09-24
31995,JRL SERIES C 145,List or table,Dhū l-Qaʿda 1237,Hijrī,1822-07-20/1822-08-18
31998,JRL SERIES C 148,List or table,Shawwal 1239,Hijrī,1824-05-30/1824-06-27
32000,JRL SERIES C 150,List or table,5556,Anno Mundi,1795-09-14/1796-10-02
32001,JRL SERIES C 151,List or table,5556,Anno Mundi,1795-09-14/1796-10-02
32005,JRL SERIES C 155,List or table,Nisan 5590,Anno Mundi,1830-03-25/1830-04-23
32007,JRL SERIES C 157,List or table,1239,Hijrī,1823-09-07/1824-08-25
32019,JRL SERIES C 169,State document,Ṣafar 1247,Hijrī,1831-07-12/1831-08-09
32021,JRL SERIES C 171,List or table,23 Tishrei 5586,Anno Mundi,1825-10-05
32022,JRL SERIES C 172,List or table,8 Shawwal 1238,Hijrī,1823-06-18
32023,JRL SERIES C 173,Credit instrument or private receipt,7 Dhū l-Qaʿda 1227,Hijrī,1812-11-12
32024,JRL SERIES C 174,List or table,Ramadan 1241,Hijrī,1826-04-09/1826-05-08
32027,JRL SERIES C 177,List or table,Elul 5493,Anno Mundi,1733-08-12/1733-09-09
32029,JRL SERIES C 179,List or table,16 Tevet 5541,Anno Mundi,1781-01-13
32097,​KC13​ ​MS47,Legal document,24 Kislev 5553,Anno Mundi,1792-12-09
32104,T-S 13Ja1.2,Legal document,"Tuesday, 24 Tammuz 1358",Seleucid,1047-07-21
32117,T-S AS 186.8,List or table,Rabīʿ I 984,Hijrī,1576-05-29/1576-06-27
32153,BL OR 5544.11,Legal document,2 Heshvan 5320,Anno Mundi,1559-10-03
32154,BL OR 5544.12,Legal document,20 Tishrei 5440,Anno Mundi,1679-09-26
32157,BL OR 5544.15,Letter,8 Tammuz 5510,Anno Mundi,1750-07-12
32159,BL OR 5544.17,Letter,5567,Anno Mundi,1806-09-13/1807-10-02
32160,BL OR 5544.19,Letter,Adar 5568,Anno Mundi,1808-02-29/1808-03-28
32161,BL OR 5544.20,Letter,Elul 5611,Anno Mundi,1851-08-29/1851-09-26
32162,BL OR 5544.21,Letter,Tammuz 5611,Anno Mundi,1851-07-01/1851-07-29
32163,BL OR 5544.22,Letter,Tammuz 5619,Anno Mundi,1859-07-03/1859-07-31
32164,BL OR 5544.23,Letter,26 Shevat 5566,Anno Mundi,1806-02-14
32166,BL OR 8663.1,Legal document,26 Adar 1378,Seleucid,1067-03-16
32167,BL OR 8696.1,Legal document,1427,Seleucid,1115-09-21/1116-09-08
32169,BL OR 8696.3,Legal document,Ḥeshvan 1429,Seleucid,1117-09-29/1117-10-28
32182,BL OR 10112D.16,Legal document,1173,Hijrī,1759-08-25/1760-08-12
32187,BL OR 10118.10,Legal document,16 Av 5337,Anno Mundi,1577-07-30
32189,BL OR 10118.14,Legal document,1553,Seleucid,1241-09-07/1242-08-27
32192,BL OR 10123.4,List or table,Sivan 5482,Anno Mundi,1722-05-17/1722-06-15
32208,BL OR 10126(1).25,Legal document,Ḥeshvan 5570,Anno Mundi,1809-10-11/1809-11-08
32214,BL OR 10126(3).15,Legal document,"Wednesday, 24 Shevat 4846",Anno Mundi,1086-02-11
32234,BL OR 10578A.41,Legal document,Shevaṭ 1441,Seleucid,1130-01-13/1130-02-11
32258,BL OR 10653.23,Legal document,"Friday, 29 Adar II 5556",Anno Mundi,1796-04-08
32273,BL OR 12292.29,Legal document,17 Tevet 5609,Anno Mundi,1849-01-11
32275,BL OR 12344.6,Legal document,20 Adar I 5559,Anno Mundi,1799-02-25
32277,BL OR 12344.10,Credit instrument or private receipt,Muḥarram 1182,Hijrī,1768-05-18/1768-06-16
32278,BL OR 12344.11,Credit instrument or private receipt,18 Rajab 1238,Hijrī,1823-03-31
32279,BL OR 12344.12,Legal document,1235,Hijrī,1819-10-20/1820-10-08
32292,"MS 8254, fol. 15",Legal document,Av 4959,Anno Mundi,1199-07-26/1199-08-24
32303,JRL Gaster heb. ms 1636/8 + JRL Gaster heb. ms 1636/9,Letter,5610,Anno Mundi,1849-09-17/1850-09-06
32304,JRL Gaster heb. ms 1636/9 + JRL Gaster heb. ms 1636/8,Letter,Adar 5609,Anno Mundi,1849-02-23/1849-03-23
32314,JRL Gaster heb. ms 1760/3,Paraliterary text,7 Shevat 4883,Anno Mundi,1123-01-05
32321,JRL Gaster heb. ms 1760/14,Legal document,1437,Seleucid,1125-08-31/1126-09-19
32420,JRL Gaster heb. ms 1865/9,List or table,5580,Anno Mundi,1819-09-20/1820-09-08
32481,UPenn RAR MS 85.126.38,State document,Muḥarram 628,Hijrī,1230-11-09/1230-12-08
32488,Halper 222,Letter,Dhū l-Qaʿda 1119,Hijrī,1708-01-24/1708-02-22
32508,Halper 472,Legal document,22 Rabīʿ I 548,Hijrī,1153-06-17
32512,Halper 481,State document,4 Shawwāl 602,Hijrī,1206-05-14
32541,T-S Ar.35.170,State document,19 Muḥarram 533,Hijrī,1138-09-26
32557,T-S Ar.35.196,State document,537,Hijrī,1142-07-27/1143-07-15
32558,T-S Ar.35.197,State document,536,Hijrī,1141-08-06/1142-07-26
32563,T-S Ar.35.217,State document,Muḥarram 504,Hijrī,1110-07-20/1110-08-18
32579,JRL Gaster ar. 1,Legal document,1231,Hijrī,1815-12-03/1816-11-20
32592,JRL SERIES AF 12,Letter,Av 5572,Anno Mundi,1812-07-10/1812-08-08
32711,T-S K27.2,Legal document,10 Sivan 4898,Anno Mundi,1138-05-22
32721,T-S Misc.22.286,State document,531/533,Hijrī,1137/1139
32789,JRL Gaster ar. 9,Credit instrument or private receipt,1246,Hijrī,1830-06-22/1831-06-11
32796,JRL Gaster ar. 16,Credit instrument or private receipt,1248,Hijrī,1832-05-31/1833-05-20
32797,JRL Gaster ar. 17,Legal document,6 Rabīʿ II 1238,Hijrī,1822-12-21
32808,JRL Gaster ar. 28,Credit instrument or private receipt,Rabīʿ I 620,Hijrī,1223-04-04/1223-05-03
32829,JRL Gaster ar. 49,Legal document,28 Dhū l-Ḥijja 1238,Hijrī,1823-09-05
32830,JRL Gaster ar. 50,Legal document,1226,Hijrī,1811-01-26/1812-01-15
32833,JRL Gaster ar. 53,Credit instrument or private receipt,Muḥarram 1224,Hijrī,1809-02-16/1809-03-17
32834,JRL Gaster ar. 54,Legal document,5 Dhū l-Qaʿda 1238,Hijrī,1823-07-14
32836,JRL Gaster ar. 56,Credit instrument or private receipt,Shawwal 1214,Hijrī,1800-02-26/1800-03-26
32837,JRL Gaster ar. 57,Legal document,Shaʿbān 1240,Hijrī,1825-03-21/1825-04-18
32839,JRL Gaster ar. 59,Legal document,1239,Hijrī,1823-09-07/1824-08-25
32840,JRL Gaster ar. 60,Legal document,5 Dhū l-Qaʿda 1030,Hijrī,1621-09-21
32841,JRL Gaster ar. 61,Legal document,1239,Hijrī,1823-09-07/1824-08-25
32842,JRL Gaster ar. 62,Legal document,1249,Hijrī,1833-05-21/1834-05-09
32843,JRL Gaster ar. 63,Legal document,Shaʿbān 1244,Hijrī,1829-02-06/1829-03-06
32844,JRL Gaster ar. 64,Credit instrument or private receipt,1235,Hijrī,1819-10-20/1820-10-08
32846,JRL Gaster ar. 66,Legal document,25 Muḥarram 1238,Hijrī,1822-10-12
32847,JRL Gaster ar. 67,Legal document,10 Jumāda II 1237,Hijrī,1822-03-04
32848,JRL Gaster ar. 68,Credit instrument or private receipt,Shaʿbān 1163,Hijrī,1750-07-06/1750-08-03
32850,JRL Gaster ar. 70,Legal document,1248,Hijrī,1832-05-31/1833-05-20
32853,JRL Gaster ar. 73,Legal document,1243,Hijrī,1827-07-25/1828-07-13
32854,JRL Gaster ar. 74,Legal document,Muḥarram 1254,Hijrī,1838-03-27/1838-04-25
32859,JRL Gaster ar. 79,Legal document,1264,Hijrī,1847-12-09/1848-11-26
32865,JRL Gaster ar. 85,Legal document,Rabīʿ I 1112,Hijrī,1700-08-16/1700-09-14
32866,JRL Gaster ar. 86,Legal document,Rajab 1238,Hijrī,1823-03-14/1823-04-12
32867,JRL Gaster ar. 87,List or table,Ramadan 1229,Hijrī,1814-08-17/1814-09-15
32868,JRL Gaster ar. 88,List or table,1247,Hijrī,1831-06-12/1832-05-30
32869,JRL Gaster ar. 89,Legal document,Shawwāl 1246,Hijrī,1831-03-15/1831-04-12
32870,JRL Gaster ar. 90,Letter,22 Jumada I 1224,Hijrī,1809-07-05
32871,JRL Gaster ar. 91,Legal document,5 Rajab 1238,Hijrī,1823-03-18
32874,JRL Gaster ar. 94,Legal document,1237,Hijrī,1821-09-28/1822-09-17
32878,JRL Gaster ar. 98,Legal document,1247,Hijrī,1831-06-12/1832-05-30
32879,JRL Gaster ar. 99,List or table,19 Dhū l-Ḥijja 1253,Hijrī,1838-03-16
32880,JRL Gaster ar. 100,Legal document,17 Muḥarram 1242,Hijrī,1826-08-21
32884,JRL Gaster ar. 104,Legal document,Muḥarram 1246 - Ṣafar 1246,Hijrī,1830-06-22/1830-07-21
32885,JRL Gaster ar. 105,Credit instrument or private receipt,5 Dhū l-Ḥijja 1241,Hijrī,1826-07-11
32886,JRL Gaster ar. 106,Legal document,"Wednesday, 27 Rajab 1256",Hijrī,1840-09-24
32887,JRL Gaster ar. 107,Legal document,1236,Hijrī,1820-10-09/1821-09-27
32890,JRL Gaster ar. 110,Legal document,26 Jumādā II 1205,Hijrī,1791-03-02
32892,JRL Gaster ar. 112,Legal document,1247,Hijrī,1831-06-12/1832-05-30
32899,JRL Gaster ar. 119,Legal document,1238,Hijrī,1822-09-18/1823-09-06
32900,JRL Gaster ar. 120,Letter,1244,Hijrī,1828-07-14/1829-07-02
32901,JRL Gaster ar. 121,Legal document,21 Rabīʿ II 1184,Hijrī,1770-08-14
32922,JRL Gaster ar. 142,Credit instrument or private receipt,504,Hijrī,1110-07-20/1111-07-09
32937,JRL Gaster ar. 157,State document,14 Jumāda II 1237,Hijrī,1822-03-08
32940,JRL Gaster ar. 160,List or table,1248,Hijrī,1832-05-31/1833-05-20
32975,JRL Gaster ar. 195,Legal document,13 Ramaḍān 1243,Hijrī,1828-03-29
32978,JRL Gaster ar. 198,Legal document,Jumādā II 1245,Hijrī,1829-11-28/1829-12-26
32995,JRL Gaster ar. 300,Legal document,26 Dhū l-Ḥijja 1056,Hijrī,1647-02-02
32997,JRL Gaster ar. 302,State document,Jumāda II 602-603,Hijrī,1206-01-13/1206-02-10
33013,JRL Gaster ar. 318,State document,909,Hijrī,1503-06-26/1504-06-13
33026,JRL Gaster ar. 331,List or table,1248,Hijrī,1832-05-31/1833-05-20
33029,JRL Gaster ar. 334,List or table,8 Rabīʿ II 1288,Hijrī,1871-06-27
33030,JRL Gaster ar. 335,Legal document,1246,Hijrī,1830-06-22/1831-06-11
33057,JRL Gaster ar. 362,Legal document,1240,Hijrī,1824-08-26/1825-08-15
33114,JRL Gaster ar. 419,Legal document,Rajab 1163,Hijrī,1750-06-06/1750-07-05
33135,JRL Gaster ar. 440,State document,584,Hijrī,1188-03-02/1189-02-18
33149,JRL Gaster ar. 454,Legal document,17 Jumādā I 1246,Hijrī,1830-11-03
33210,JRL Gaster ar. 515,State document,438,Hijrī,1046-07-08/1047-06-27
33292,JRL Gaster ar. 597,Legal document,617,Hijrī,1220-03-08/1221-02-24
33332,JRL Gaster ar. 637,Legal document,406,Hijrī,1015-06-21/1016-06-09
33456,JRL Gaster ar. 761,Legal document,Dhū l-Qaʿda 606,Hijrī,1210-04-27/1210-05-26
33501,JRL Gaster ar. 806,Legal query or responsum,1248,Hijrī,1832-05-31/1833-05-20
33534,JRL Gaster ar. 839,Legal document,1236,Hijrī,1820-10-09/1821-09-27
33578,T-S Misc.34.58,Letter,1431,Seleucid,1119-09-08/1120-08-25
33584,"Moss. VII,7",Legal document,416,Hijrī,1025-03-04/1026-02-21
33597,NLI 577.1/12,Legal document,21 Dhū l-Ḥijja 799,Hijrī,1397-08-16
33599,NLI 577.1/14,Legal document,30 Dhū l-Qaʿda 742,Hijrī,1342-05-07
33614,NLI 577.1/27,Legal document,Ramaḍān 710,Hijrī,1311-01-22/1311-02-20
33617,NLI 577.1/30,Legal document,Shaʿbān 700,Hijrī,1301-04-11/1301-05-09
33627,NLI 577.1/38,Legal document,20 Ṣafar 830,Hijrī,1426-12-21
33631,NLI 577.1/42,Legal document,Rabīʿ I 810,Hijrī,1407-08-06/1407-09-04
33641,NLI 577.1/52,Legal document,860,Hijrī,1455-12-11/1456-11-28
33648,NLI 577.1/59,Legal document,30 Ramaḍān 655,Hijrī,1257-10-11
33681,NLI 577.1/50,Legal document,73[.],Hijrī,1329-10-25/1339-07-08
33694,ENA 3901.1,Legal document,Safar 1218,Hijrī,1803-05-23/1803-06-20
33696,ENA 3904.2,Legal document,18 Dhū l-Qaʿda 950,Hijrī,1544-02-12
33698,ENA 3904.13,Literary text,1172,Hijrī,1758-09-04/1759-08-24
33712,T-S NS 226.173,Legal document,Dhū l-Ḥijja 617,Hijrī,1221-01-27/1221-02-24
33717,T-S 8J4.3.1,Legal document,"Monday, 25 Shevaṭ 1338",Seleucid,1028
33726,T-S Misc.22.285,Legal document,5 Shawwāl 427,Hijrī,1036-08-01
33733,MS Roth 723.14,Legal document,"Thursday, 9 Adar 5309",Anno Mundi,1549-02-07
33766,DK 246.3,Legal document,Shevat 1543,Seleucid,1231-12-25/1232-01-23
33767,T-S 13J23.2,State document,19 Shawwāl 442,Hijrī,1051-03-06
33768,BL OR 5566B.11,List or table,Jumādā II 513,Hijrī,1119-09-09/1119-10-07
33783,Bodl. MS Heb. c 56/3,List or table,5 Dhū l-Qaʿda 506,Hijrī,1113-04-23
33791,ENA NS 54.18,List or table,Tishrei 5354,Anno Mundi,1593-09-27/1593-10-26
33877,"Moss. VII,64.1",List or table,1427,Seleucid,1115/1116
33903,JRL Gaster ar. 263,Credit instrument or private receipt,506,Hijrī,1112-06-28/1113-06-17
33921,Bodl. MS heb. f 56/54 + Bodl. MS heb. f 56/53,Legal document,Sivan 1496,Seleucid,1185-05-03/1185-06-01
33962,T-S NS J218,Legal document,1361,Seleucid,1049-08-31/1050-09-19
33968,T-S Ar.35.126,State document,25 Dhū l-Ḥijja 520,Hijrī,1127-01-11
33994,CUL Or.1080 J63,Legal document,Ṭevet 1424,Seleucid,1112-12-22/1113-01-19
34001,CUL Or.1080 J230,Legal document,Tishrei 1484,Seleucid,1172-09-21/1172-10-20
34016,Cod.Heid.Or.78,Legal document,Last decade of Av 1426,Seleucid,1115-08-13/1115-08-22
34017,Cod.Heid.Or.79,Legal document,First decade of Sivan 1438,Seleucid,1127-05-13/1127-05-22
34018,Cod.Heid.Or.80,Legal document,23 Adar I 1475,Seleucid,1164-02-18
34019,PER K 8314,State document,408–410,Hijrī,1017/1021
34021,"Moss. IXa,2.68",State document,Jumādā I 526,Hijrī,1132-03-20/1132-04-18
34036,BL OR 13888.8,Legal document,26 Elul 1633,Seleucid,1322-09-09
34037,BL OR 10578R.34 + BL OR 10578R.54,Legal document,5288,Anno Mundi,1527-08-27/1528-09-13
34050,ENA 2538.1,Legal document,Nisan [15]42,Seleucid,1231-03-06/1231-04-04
34079,DK 314,Legal document,19 Ramaḍān 496,Hijrī,1103-06-26
34080,DK 313,Legal document,first decade of Jumādā I 528,Hijrī,1134-02-27/1134-03-08
34082,DK 310,Legal document,"Monday, 2 Ṭevet 5590",Anno Mundi,1829-12-28
34132,T-S Misc.22.208.3 + T-S Misc.22.208.4,Letter,15 Av 5473,Anno Mundi,1713-08-07
34135,T-S Ar.34.344,List or table,"Wednesday, 11 Tammuz 5310",Anno Mundi,1550-06-25
34148,T-S AS 145.47,Letter,Rabīʿ II 496,Hijrī,1103-01-12/1103-02-09
34166,T-S AS 145.315,Legal document,8 Tammuz 5613,Anno Mundi,1853-07-14
34168,T-S AS 145.290,Paraliterary text,Tishrei 1423,Seleucid,1111
34184,Bodl. MS heb. c 72/31 + Bodl. MS heb. c 72/33 + Bodl. MS heb. c 72/34,Legal document,30 Nisan 5241,Anno Mundi,1481-03-30
34187,Bodl. MS heb. c 72/35–36,Letter,"Monday, 5 Nisan 5245",Anno Mundi,1485-03-21
34221,T-S Ar.34.191,Legal document,Before 9 Av 1412,Seleucid,1101-07
34228,T-S Ar.34.211,State document,557,Hijrī,1161-12-21/1162-12-09
34248,T-S 16.134,Legal document,Tishrei 1356,Seleucid,1044
34249,T-S 10J7.15,State document,412,Hijrī,1021-04-17/1022-04-05
34278,ENA 3958.10,Legal document,"Wednesday, 23 Rajab 1244",Hijrī,1829-01-29
34332,ENA 3754.11,List or table,Kislev 5390,Anno Mundi,1629-11-16/1629-12-15
34342,Bodl. MS heb. a 3/40,Legal document,Last third of Ṭevet 1443,Seleucid,1131/1132
34348,T-S NS 111.114,State document,Muḥarram 532,Hijrī,1137-09-19/1137-10-18
34349,T-S NS 145.22,State document,19 Ramaḍān 504/29 Ramaḍān 504,Hijrī,1111-04-01/1111-04-11
34357,T-S Misc.36.151,Legal document,"Thursday, 25 Iyyar 1396",Seleucid,1085-05-22
34364,T-S K6.154,Legal document,1469,Seleucid,1157/1158
34367,T-S K6.131,Legal document,563,Hijrī,1167-10-17/1168-10-04
34375,T-S K6.45,List or table,"Sunday, 13 Sivan 1335",Seleucid,1024
34439,JRL SERIES P 180,Legal document,1357,Seleucid,1045/1046
34443,JRL SERIES P 233,Legal document,146[.],Seleucid,1148/1158
34527,T-S NS J609,List or table,1362,Seleucid,1050/1051
34543,CUL Or.1080 2.16,Legal document,Ḥeshvan 4813,Anno Mundi,1052-09-28/1052-10-26
34545,NLI 4°9463.10,Legal document,Jumādā I 434,Hijrī,1042-12-17/1043-01-15
34596,BL OR 5561B.17,List or table,Kislev 5549,Anno Mundi,1788-11-30/1788-12-29
34598,T-S K25.111,Letter,4982–83,Anno Mundi,1221/1223
34623,T-S NS 229.8,Legal document,"Sunday night, 20 Ṭevet 1578",Seleucid,1266/1267
34639,MIAC 130,Legal document,5613,Anno Mundi,1852-09-14/1853-10-02
34668,MIAC 41,List or table,Tishrei 5690,Anno Mundi,1929-10-05/1929-11-03
34717,MIAC 124,Letter,5714,Anno Mundi,1953-09-10/1954-09-27
34740,MIAC 170,Letter,29 June 1922,Anno Mundi,1922-06-29
34745,MIAC 13,Legal document,8 Iyyar 5623,Anno Mundi,1863-04-27
34747,MIAC 47,Letter,5 Nisan 5692,Anno Mundi,1932-04-11
34748,MIAC 10,Letter,13 Iyyar 5692,Anno Mundi,1932-05-19
34807,MIAC 58,Legal document,5690,Anno Mundi,1929-10-05/1930-09-22
34824,ENA NS 47.29,Legal document,Iyyar 1390,Seleucid,1079
34880,T-S K25.140.2 + T-S K22.27,Legal document,Adar I and Adar II 5453,Anno Mundi,1693
34911,L-G Ar. II.79,State document,24 Dhū l-Ḥijja 524,Hijrī,1130
34946,T-S 10J7.7,State document,455,Hijrī,1063-01-04/1063-12-24
34971,T-S Ar.43.54,Credit instrument or private receipt,507,Hijrī,1113-06-18/1114-06-06
35014,L-G Misc. 24,Letter,Nisan–Sivan 5585,Anno Mundi,1825
35016,L-G Misc. 46,Legal document,28 Tishrei 1492,Seleucid,1180-10-19
35018,L-G Misc. 54,Paraliterary text,5008-5010,Anno Mundi,1247/1250
35020,L-G Misc. 61,Paraliterary text,4962/4964,Anno Mundi,1201/1204
35022,L-G Misc. 73,Paraliterary text,4790/4791,Anno Mundi,1029-09-11/1030-08-30
35024,L-G Misc. 104,Paraliterary text,4728–31,Anno Mundi,967/971
35032,L-G Misc. 130,Legal document,Adar 2176,Seleucid,1865
35070,T-S NS 320.141,Legal document,1359,Seleucid,1047-09-24/1048-09-11
35087,T-S NS 297.7,State document,507,Hijrī,1113-06-18/1114-06-06
35097,T-S 20.6,Legal document,26 Elul 1348,Seleucid,1037-09-09
35102,T-S Ar.40.142.2,State document,8 Ramaḍān 405,Hijrī,1015-03-02
35105,T-S AS 121.229,Legal document,"Monday, 13 Shaʿbān 657",Hijrī,1259-08-05
35112,T-S Ar.53.65,Legal document,42[.],Hijrī,1029/1038
35117,JRL SERIES B 4346,Legal document,Last tenth of Ṣafar 728,Hijrī,1328-01-04/1328-01-14
35133,T-S Ar.29.56,Literary text,1241,Seleucid,929/930
35159,T-S Misc.28.79.22 + T-S Misc.28.79.25,List or table,Tammuz 1430,Seleucid,1119
35170,ENA 4011.18,Legal document,Ḥeshvan 1435,Seleucid,1123
35171,ENA 4011.51,Legal document,Kislev 1459,Seleucid,1147-10-27/1147-11-25
35181,T-S 28.6,Legal document,1390-10-23,Seleucid,1079-06-26
35185,T-S 10J26.13,Legal document,First third of Adar 1483,Seleucid,1172-02
35186,T-S 8J15.8,Legal document,"Tuesday, 27 Dhū l-Qaʿda 632",Hijrī,1235-08-13
35190,T-S AS 131.24,Legal document,1442,Seleucid,1130/1131
35198,ENA NS 63.16,Legal document,10 Ṭevet 5561,Anno Mundi,1800-12-26
35222,T-S AS 144.187,List or table,Elul 1550,Seleucid,1239
35232,CUL Or.1081 J44,Credit instrument or private receipt,19 Shawwāl 517,Hijrī,1123-12-10
35257,T-S NS J528,Legal document,Tishrei 5325,Anno Mundi,1564-09-07/1564-10-06
35264,T-S NS J282,Legal document,Wednesday 13 Ṭevet 1526,Seleucid,1214/1215
35272,T-S K25.237,State document,411/427,Hijrī,1021/1036
35273,T-S Ar.18(2).193 + T-S Ar.30.306 + T-S Ar.30.314,State document,441,Hijrī,1049-06-05/1050-05-25
35282,T-S Misc.22.280,Legal document,"Monday, 4 Shaʿbān 438",Hijrī,1047-02-03
35294,T-S Misc.27.4.28,Legal document,First decade of Nisan 1436,Seleucid,1125
35295,T-S Misc.27.4.30,Legal document,"Monday, 17 Iyar 4846",Anno Mundi,1086-05-04
35296,T-S Misc.27.4.32,Legal document,Av 1461,Seleucid,1150
35302,T-S Misc.27.4.21,Legal document,First decade of Adar 1453,Seleucid,1142
35310,T-S 10J7.10,Legal document,1446,Seleucid,1134-09-20/1135-09-09
35345,T-S AS 133.111,State document,1 Shawwāl 504,Hijrī,1111-04-12
35374,T-S AS 145.167 + T-S AS 145.165,Letter,Sivan 1504,Seleucid,1193-05-04/1193-06-02
35394,ENA NS 35.17,Letter,41[.],Hijrī,1019/1029
35398,T-S H15.76,Legal document,5 Ṣafar 520,Hijrī,1126-03-02
35450,T-S AS 213.7,Paraliterary text,552,Hijrī,1157-02-13/1158-02-01
35464,T-S K25.240.29,Letter,Nisan/Iyyar 1529,Seleucid,1218
35475,T-S K25.240.10,Legal document,Muḥarram 615,Hijrī,1218-03-30/1218-04-28
35476,T-S K25.240.9,Legal document,Dhū l-Qiʿda 614,Hijrī,1218
35564,ENA NS 83.346.1,State document,Jumādā I 524,Hijrī,1130-04-12/1130-05-11
35613,ENA NS 83.235,State document,522,Hijrī,1128-01-06/1128-12-24
35637,ENA NS 83.196,State document,2 Rabīʿ I 507,Hijrī,1113-08-17
35639,ENA NS 83.192,State document,407,Hijrī,1016-06-10/1017-05-29
35650,ENA NS 83.178,State document,510,Hijrī,1116-05-16/1117-05-04
35665,ENA NS 83.156,State document,"Sunday, 16 Muḥarram 492",Hijrī,1098-12-13
35672,ENA NS 83.169,State document,601,Hijrī,1204-08-29/1205-08-17
35686,T-S NS 321.50,Legal document,Tishrei 1424,Seleucid,1112
35719,T-S H3.63,State document,4 Shaʿbān 566,Hijrī,1171-04-12
35735,"Moss. VIII,141.1",State document,421,Hijrī,1030-01-09/1030-12-28
35744,T-S AS 176.215,Credit instrument or private receipt,Rabīʿ I 565,Hijrī,1169-11-23/1169-12-22
35755,T-S 13J33.11 + ENA NS I.23,Legal document,1391,Seleucid,1079-08-31/1080-09-16
35761,T-S 12.516,Legal document,1440,Seleucid,1128-08-28/1129-09-15
35790,CUL Add.3421 + Bodl. MS heb. d 66/64,Legal document,4th Iyyar 1409,Seleucid,1098-04-08
35796,ENA 972.7,Legal document,"Sunday, 25 Shevaṭ 1456",Seleucid,1145
35799,T-S 16.181,Legal document,4693,Anno Mundi,0932-09-03/0933-09-22
35800,T-S 16.181,Legal document,4693,Anno Mundi,0932-09-03/0933-09-22
35801,T-S 16.181,Legal document,28 Adar 4693,Anno Mundi,0933-02-26
35834,AIU IV.A.206,State document,550-1-19,Hijrī,1155-03-07/1156-02-24
35836,T-S NS 297.270,State document,509,Hijrī,1115-05-27/1116-05-15
35859,T-S NS 322.156,Legal document,4810,Anno Mundi,1049-08-31/1050-09-19
35878,T-S AS 177.3,Legal document,Ramaḍān 425,Hijrī,1034-07-20/1034-08-18
35931,T-S AS 182.180,State document,9 Muḥarram 545,Hijrī,1150-05-08
35955,T-S Misc. 27.3.4,Legal document,12 Muḥarram 52[.],Hijrī,1126/1134
35958,T-S Misc.22.306,List or table,497,Hijrī,1103-10-05/1104-09-22
35961,T-S Misc.22.296,Legal document,Shawwāl 427,Hijrī,1036-07-28/1036-08-25
35979,T-S Misc.35.13,Legal document,13 Kislev 1364,Seleucid,1052-11-08
35986,ENA 3982.14,Paraliterary text,28 Ramadan 631,Hijrī,1234-06-27
35991,T-S Ar.35.51,List or table,Ṣafar 518,Hijrī,1124-03-20/1124-04-17
35998,T-S Ar.35.80,State document,507,Hijrī,1113-06-18/1114-06-06
36005,T-S NS J121,State document,502/503,Hijrī,1108/1110
36008,ENA 2927.12,State document,501,Hijrī,1107-08-22/1108-08-10
36022,ENA NS 14.2,Paraliterary text,Nisan 1563,Seleucid,1252
36037,ENA 2396.1 + ENA 2396.2 + ENA 2396.3 + ENA 2396.4 + ENA 2396.5 + ENA 2396.6 + ENA 2396.7 + ENA 2396.8,Literary text,5375,Anno Mundi,1615
36086,T-S AS 177.541,Legal document,979,Hijrī,1571-05-26/1572-05-13
36088,T-S AS 177.538,Credit instrument or private receipt,726,Hijrī,1325-12-08/1326-11-26
36109,T-S AS 177.472,State document,403,Hijrī,1012-07-23/1013-07-12
36136,T-S AS 177.397,Legal document,11 Ṣafar 916,Hijrī,1510-05-20
36158,T-S Ar.35.263,List or table,16 Dhū l-Qaʿda 597,Hijrī,1201-08-18
36162,T-S Ar.35.269,Credit instrument or private receipt,502,Hijrī,1108-08-11/1109-07-30
36174,T-S Ar.35.9,State document,631,Hijrī,1233-10-07/1234-09-25
36185,T-S Ar.35.94,State document,504,Hijrī,1110-07-20/1111-07-09
36210,ENA NS 47.24,Legal document,Kislev/Tevet 5460,Anno Mundi,1699-11-23/1700-01-20
36233,ENA 3957.7,Legal document,Dhū l-Qaʿda 606,Hijrī,1210-04-27/1210-05-26
36234,BL Or. 12369.46,Legal document,660-05,Hijrī,1261-11-26/1262-11-14
36280,T-S AS 178.195,State document,533,Hijrī,1138-09-08/1139-08-27
36411,T-S AS 152.126,Legal document,533,Hijrī,1138-09-08/1139-08-27
36416,T-S AS 149.53,Credit instrument or private receipt,Adar 1455,Seleucid,1144-02-07/1144-03-06
36428,T-S AS 150.38,Credit instrument or private receipt,17 Muḥarram 507,Hijrī,1113-07-04
36441,T-S Misc.29.22,Legal document,495,Hijrī,1101-10-26/1102-10-14
36445,Bodl. MS Heb. d 74/38,State document,Muḥarram 487,Hijrī,1094-01-21/1094-02-19
36459,T-S 13J8.11,Legal document,Tammuz 1524,Seleucid,1213
36470,Bodl. MS heb. b 11/1,Legal document,4 Ṭevet 1399,Seleucid,1087-12-02
36492,CUL Add.3420.2 + CUL Add.3419,Legal document,15 Iyyar 1409,Seleucid,1098-04-19
36515,ENA 3963.4,Legal document,17 Rabīʿ II 433,Hijrī,1041-12-19
36523,T-S J3.47,Legal document,"Wednesday, 15 Av 1344",Seleucid,1033-07-14
36529,"Moss. IXa,2.59",Credit instrument or private receipt,1247,Hijrī,1812-01-16/1813-01-03
36539,T-S K16.78,Legal document,973,Hijrī,1565-07-29/1566-07-18
36558,T-S AS 146.49,State document,Dhū l-Ḥijja 630,Hijrī,1233-09-08/1233-10-06
36559,ENA 4011.55,Legal document,4 Adar II 1464,Seleucid,1153-03-02
36584,"Moss. VII,92.1",Legal document,1649,Seleucid,1337-08-28/1338-09-14
36592,"Moss. IV,31.3",Paraliterary text,1521,Seleucid,1209-09-01/1210-09-19
36593,"Moss. IV,31.3",Paraliterary text,1521,Seleucid,1209-09-01/1210-09-19
36610,"Moss. IXa,2.15",Legal document,562,Hijrī,1166-10-28/1167-10-16
36617,"Moss. IXa,2.11",Credit instrument or private receipt,25 Shawwāl 635,Hijrī,1238-06-10
36619,"Moss. IXa,2.18",Legal document,1243,Hijrī,1827-07-25/1828-07-13
36672,"Moss. IXa,2.32",State document,Dhū l-Qaʿda 509,Hijrī,1114-04-09/1114-05-08
36691,"Moss. IXa,2.57",State document,8 Dhū l-Ḥijja 623,Hijrī,1226-11-30
36702,"Moss. IXa,2.73",State document,584,Hijrī,1188-03-02/1189-02-18
36706,"Moss. IXa,2.72",State document,525,Hijrī,1130-12-04/1131-11-22
36738,T-S AS 179.229,State document,54[.],Hijrī,1145/1154
36771,T-S AS 179.303 + T-S AS 179.304,List or table,545/547,Hijrī,1150/1153
36779,T-S AS 179.323,State document,567,Hijrī,1171-09-04/1172-08-22
36797,T-S AS 179.155,State document,418,Hijrī,1027-02-11/1028-01-30
36876,T-S AS 178.30,State document,537,Hijrī,1142-07-27/1143-07-15
36884,T-S AS 178.40,State document,630,Hijrī,1232-10-18/1233-10-06
36981,T-S AS 178.311,State document,595,Hijrī,1198-11-03/1199-10-22
36990,T-S AS 178.342,Legal document,Ṣafar 605,Hijrī,1208-08-15/1208-09-12
37027,T-S AS 177.68 + T-S AS 177.83,List or table,Ramaḍān 637,Hijrī,1240-03-26/1240-04-24
37031,T-S AS 177.74,State document,Muḥarram 468,Hijrī,1075-08-16/1075-09-14
37034,T-S AS 177.82,State document,520,Hijrī,1126-01-27/1127-01-16
37049,T-S AS 177.98,List or table,623,Hijrī,1226-01-02/1226-12-21
37055,T-S AS 177.104,Legal document,Ramaḍān 777,Hijrī,1376-01-24/1376-02-22
37068,T-S AS 177.122,List or table,Dhū l-Qaʿda 579 / Muḥarram 580,Hijrī,1184-02-15/1184-05-13
37078,T-S AS 177.141,Credit instrument or private receipt,Jumādā I 723,Hijrī,1323-05-08/1323-06-06
37118,T-S AS 177.218,Legal document,Ṣafar 523,Hijrī,1129-01-24/1129-02-21
37122,T-S AS 177.223,State document,Dhū l-Ḥijja 509,Hijrī,1116-04-16/1116-05-15
37147,T-S AS 177.275,Legal document,517,Hijrī,1123-03-01/1124-02-18
37150,T-S AS 177.284,List or table,639,Hijrī,1241-07-12/1242-06-30
37211,T-S AS 176.108,State document,505,Hijrī,1111-07-10/1112-06-27
37229,T-S AS 176.150,Credit instrument or private receipt,Ramaḍān 507,Hijrī,1114-02-09/1114-03-10
37241,T-S AS 176.164,State document,525,Hijrī,1130-12-04/1131-11-22
37259,T-S AS 176.214,State document,Rajab 548,Hijrī,1153-09-22/1153-10-21
37268,T-S AS 176.226,Credit instrument or private receipt,527,Hijrī,1132-11-12/1133-10-31
37384,T-S AS 180.101,List or table,Muḥarram 957,Hijrī,1550-01-20/1550-02-18
37396,T-S AS 180.147,Legal document,Jumādā II 548,Hijrī,1153-08-24/1153-09-21
37411,T-S AS 180.177,List or table,505,Hijrī,1111-07-10/1112-06-27
37416,T-S AS 180.203,State document,12 Rabīʿ I 509,Hijrī,1115-08-05
37434,T-S AS 181.1,Legal document,5 Ṣafar 584,Hijrī,1188-04-05
37479,T-S AS 181.147,Legal document,Rabīʿ II 535,Hijrī,1140-11-14/1140-12-12
37488,T-S AS 181.171,Credit instrument or private receipt,Shaʿbān 494,Hijrī,1101-06-01/1101-06-29
37521,T-S AS 181.272,Legal document,"Thursday, 13 Shaʿbān 632",Hijrī,1235-05-03
37533,T-S AS 183.23,Legal document,14 Shawwāl 635,Hijrī,1238-05-30
37578,T-S AS 184.166,Credit instrument or private receipt,Shaʿbān 535,Hijrī,1141-03-12/1141-04-09
37591,"Moss. VIII,64.1",State document,Muḥarram 438,Hijrī,1046-07-08/1046-08-06
37602,UPenn RAR MS 82.313.1.5,Legal document,Ramaḍān 421,Hijrī,1030-09-02/1030-10-01
37606,T-S AS 186.6,State document,523,Hijrī,1128-12-25/1129-12-14
37628,L-G Glass 39,Legal document,"Thursday, 21 Elul 4798",Anno Mundi,1038-08-24
37668,T-S AS 169.293,Legal document,527,Hijrī,1132-11-12/1133-10-31
37709,T-S Ar.39.303,Legal document,1522,Seleucid,1210-09-20/1211-09-09
37734,p. Heid. Hebr. 22,Paraliterary text,Rabīʿ I 527,Hijrī,1133-01-10/1133-02-08
37749,T-S AS 148.125,Legal document,Heshvan 1549,Seleucid,1238-05-17/1238-06-14
37758,T-S AS 148.55,Legal document,"Friday, 7 Iyyar 1552",Seleucid,1241-04-19
37786,T-S AS 183.196,State document,513,Hijrī,1119-04-14/1120-04-01
37828,T-S AS 183.326,State document,535,Hijrī,1140-08-17/1141-08-05
37845,T-S AS 183.168,State document,525,Hijrī,1130-12-04/1131-11-22
37875,T-S AS 183.111,State document,525–26,Hijrī,1130/1132
37884,T-S AS 183.87 + T-S AS 183.89,State document,Ramaḍān 520,Hijrī,1126-09-20/1126-10-19
37887,T-S AS 183.84,State document,Jumādā I 517,Hijrī,1123-06-27/1123-07-26
37888,TS AS 183.83,State document,643,Hijrī,1245-05-29/1246-05-18
37889,T-S AS 183.82,List or table,Ramaḍān 639,Hijrī,1242-03-05/1242-04-03
37890,T-S AS 183.81,Legal document,Shawwāl 508,Hijrī,1115-02-28/1115-03-28
37898,T-S AS 183.71,Credit instrument or private receipt,Dhū l-Qaʿda 691,Hijrī,1292-10-14/1292-11-12
37901,T-S AS 183.65,Legal document,454,Hijrī,1062-01-15/1063-01-03
37934,"Moss. VII,161",Legal document,Ramaḍān 452,Hijrī,1060-09-29/1060-10-28
37935,"Moss. VII,161",Letter,Ramaḍān 452,Hijrī,1060-09-29/1060-10-28
37978,T-S AS 206.226,List or table,Tammuz 5627,Anno Mundi,1867-07-04/1867-08-01
38004,T-S 16.49,Legal document,Tevet 1397,Seleucid,1085-12-21/1086-01-18
38023,T-S Misc.11.228,Letter,Adar 5552,Anno Mundi,1792-02-24/1792-03-23
38057,T-S 8K20.3,Paraliterary text,4800,Anno Mundi,1039-09-22/1040-09-10
38058,T-S 10J6.6,Legal document,Jumādā I 426,Hijrī,1035-03-14/1035-04-12
38059,T-S 16.6,Letter,Kislev [12]74,Seleucid,0962-10-31/0962-11-29
38065,T-S Misc.36.174,Literary text,"Monday, 26 Shevaṭ 4837",Anno Mundi,1077-01-23
38066,T-S AS 145.118 + T-S AS 145.285,Legal document,6 Kislev 1542,Seleucid,1230-11-13
38077,ENA 2229.5,Paraliterary text,14[...],Seleucid,1088-09-19/1188-09-23
38079,"Moss. IV,210",State document,5 Ṣafar 570,Hijrī,1174-09-05
38098,JRL Gaster ar. 308,Credit instrument or private receipt,1267,Hijrī,1850-11-06/1851-10-26
38121,T-S AS 152.27,State document,Ramaḍān 566,Hijrī,1171-05-08/1171-06-06
38159,T-S 12.850,Legal document,Last decade of Sivan 1442,Seleucid,1131-06-18/1131-06-27
38176,T-S AS 143.2,List or table,"Monday, 20 Iyyar 2143",Seleucid,1832-05-20
38180,T-S H15.124,State document,5 Muḥarram 592,Hijrī,1195-12-10
38182,"Moss. III,207",State document,Dhū l-Ḥijja 454,Hijrī,1062-12-06/1063-01-03
38244,T-S 8F1,Paraliterary text,Tammuz 1422,Seleucid,1111-06-09/1111-07-07
38245,AIU VII.A.22,Legal document,first decade of Dhū l-Qaʿda 517,Hijrī,1123-12-21/1123-12-30
38251,JRL SERIES AF 23,Legal document,Adar I 1437,Seleucid,1126-01-27/1126-02-05
38254,T-S 12.42 + T-S 12.109 + T-S 12.157,List or table,Muḥarram 481,Hijrī,1088-03-27/1088-04-25
38263,T-S NS 306.61,State document,502,Hijrī,1108-08-11/1109-07-30
38277,T-S NS 306.3,Literary text,Shaʿbān 724,Hijrī,1324-07-24/1324-08-21
38287,T-S Ar.52.191,Legal document,15 Jumādā II 423,Hijrī,1032-05-29
38295,BL OR 10578E.28,List or table,1542,Seleucid,1230-09-09/1231-08-29
38311,T-S 16.291,List or table,1537,Seleucid,1225-09-04/1226-09-23
38369,T-S AS 184.452,State document,13 Jumādā II 403,Hijrī,1012-12-30
38380,T-S 18J1.17,Legal document,Dhū al-Qada 508,Hijrī,1115-04
38501,T-S K10.16,List or table,1238,Hijrī,1822-09-18/1823-09-06
38508,T-S AS 205.194,List or table,Dhū l-Qaʿda 947 – Shawwāl 947,Hijrī,1540-03-09/1541-02-26
38543,RNL Yevr.-Arab II 223,Paraliterary text,5 Tishrei 1328,Seleucid,1016-09-10
38544,RNL Yevr. II B 159,Paraliterary text,4703,Anno Mundi,943
38549,RNL Yevr.-Arab II 225,Paraliterary text,5 Tishrei 1328,Seleucid,1016-09-10
38552,ENA NS 49.26,Legal document,28 Elul 1594,Seleucid,1283-09-21
38561,T-S AS 173.335,Legal document,1493,Seleucid,1181-09-12/1182-08-30
38593,T-S AS 173.53,Letter,444,Hijrī,1052-05-03/1053-04-22
38606,RNL Yevr. I B 19,Paraliterary text,1319,Seleucid,1008
38607,RNL Yevr. II B 1283,Paraliterary text,(4)818,Anno Mundi,1058
38608,RNL Yevr. II B 1283,Paraliterary text,(4)818,Anno Mundi,1058
38625,RNL Yevr. II B 94,Paraliterary text,Heshvan 1411,Seleucid,1099-10-19/1099-11-16
38660,JTS Krengel 110,State document,531,Hijrī,1136-09-29/1137-09-18
38665,T-S AS 165.187,Legal document,1424,Seleucid,1112-09-23/1113-09-12
38681,T-S AS 113.85,State document,329,Hijrī,0940-10-06/0941-09-25
38708,T-S AS 122.141,Legal document,1490,Seleucid,1178-09-14/1179-09-02
38711,T-S H5.119 + T-S AS 122.8 + T-S NS 289.132 + T-S AS 132.176 + ENA 2954.6 + ENA 2954.7,List or table,537,Hijrī,1142-07-27/1143-07-15
38743,T-S AS 144.94,Paraliterary text,Kislev 4907,Anno Mundi,1146-11-07/1146-12-05
38744,T-S AS 145.125,Credit instrument or private receipt,Ṭevet 1450,Seleucid,1138-12-06/1139-01-03
38759,T-S AS 146.289,Legal document,510,Hijrī,1116-05-16/1117-05-04
38763,T-S AS 146.341,Legal document,620,Hijrī,1223-02-04/1224-01-23
38784,T-S AS 149.160,Paraliterary text,1476,Seleucid,1164-09-19/1165-09-08
38798,T-S 12.669,State document,25 Shawwāl 446,Hijrī,1055-01-27
38805,T-S AS 152.115,Legal document,Dhū l-Qaʿda 525,Hijrī,1131-09-25/1131-10-24
38904,T-S 13J8.31,Legal document,Rabīʿ I 434,Hijrī,1042-10-19/1042-11-17
38905,T-S AS 157.482,List or table,456,Hijrī,1063-12-25/1064-12-12
38930,T-S AS 182.257,State document,19 Muḥarram 541,Hijrī,1146-07-01
38956,T-S AS 182.213,State document,Muḥarram 514,Hijrī,1120-04-02/1120-05-01
38981,T-S AS 182.311,Legal document,13 Jumādā I 913,Hijrī,1507-09-20
39003,T-S Ar.39.356,Legal document,Dhū l-Qaʿda 809,Hijrī,1407-04-09/1407-05-08
39016,T-S K1.106,Legal document,Rabiʿ II 448,Hijrī,1056-06-18/1056-07-16
39021,T-S AS 82.8,State document,Dhū l-Ḥijja 546,Hijrī,1152-03-10/1152-04-07
39028,T-S AS 50.99,State document,Muḥarram 557,Hijrī,1161-12-21/1162-01-19
39030,T-S AS 42.44,Paraliterary text,1665,Seleucid,1353-08-31/1354-09-17
39034,Bodl. MS heb. b 18/23,State document,Rajab 415,Hijrī,1024-09-08/1024-10-07
39039,T-S Misc.8.37,Paraliterary text,5010,Anno Mundi,1249-09-09/1250-08-28
39054,"Moss. VII,17",State document,27 Jumādā II 527,Hijrī,1133-05-02
39062,RNL Yevr. II C1,Paraliterary text,28 Heshvan 1598,Seleucid,1286-11-17
39063,Yevr. Arab. I 1404,Paraliterary text,Kislev 4969,Anno Mundi,1208-11-11/1208-12-09
39076,T-S AS 151.199,Credit instrument or private receipt,1475,Seleucid,1163-08-31/1164-09-18
39096,T-S K25.240.6,State document,615,Hijrī,1218-03-30/1219-03-18
39113,T-S 10J28.11,Legal document,1434,Seleucid,1122-09-04/1123-09-21
39115,T-S Ar.52.248,Letter,506,Hijrī,1112-06-28/1113-06-17
39124,T-S Ar.54.19,Credit instrument or private receipt,Kislev 1451,Seleucid,1139-10/1139-11
39137,T-S Ar.54.19,Credit instrument or private receipt,Nisan 1451,Seleucid,1140-03-21/1140-04-19
39144,BL OR 2598.162,Letter,Iyar 1512,Seleucid,1201-04-07/1201-05-05
39148,T-S 24.25,Legal document,First decade of Shevaṭ 1460,Seleucid,1149-01-12/1149-01-21
39161,UU 1090,Credit instrument or private receipt,Rabīʿ I 1079,Hijrī,1668-08-09/1668-09-07
39196,T-S Ar.30.30,Legal document,Dhū l-Qaʿda 526,Hijrī,1132-09-13/1132-10-12
39198,T-S Ar.30.89,State document,Rajab 574,Hijrī,1178-12-13/1179-01-11
39213,T-S AS 176.1,Legal document,419,Hijrī,1028-01-31/1029-01-19
39214,T-S Ar.35.162,State document,29 Dhū l-Qaʿda 404,Hijrī,1014-05-31
39225,T-S Ar.29.145,Legal document,Tammuz 1481,Seleucid,1170-06-16/1170-07-14
39229,T-S AS 148.125,Legal document,Heshvan 1549,Seleucid,1238-05-17/1238-06-14
39230,CUL Or.1080 J117,Legal document,481,Hijrī,1088-03-27/1089-03-15
39233,T-S Ar.35.348,State document,530,Hijrī,1135-10-11/1136-09-28
39236,T-S NS J164,Legal document,"Tuesday, 8 Tammuz 1451",Seleucid,1140-06-25
39241,HUC 1007,Letter,4838,Anno Mundi,1077-09-21/1078-09-09
39250,HUC 1037,Legal document,"Thursday, 1 Nisan 5583",Anno Mundi,1823-03-13
39263,HUC 23,Legal document,Ṭevet 5362,Anno Mundi,1601-12-25/1602-01-22
39274,HUC 1165,List or table,1551,Seleucid,1239-09-01/1240-09-17
39275,HUC 1137,List or table,17 Rajab 602,Hijrī,1206-02-27
39277,T-S NS J56,Legal document,5th Shevat 1456,Seleucid,1145-01-01
39287,HUC 1117,Letter,5462,Anno Mundi,1701-10-03/1702-09-22
39289,HUC 1115,Legal document,5525,Anno Mundi,1764-09-27/1765-09-15
39291,HUC 1111,Letter,5521,Anno Mundi,1760-09-11/1761-09-28
39309,T-S Ar.40.13,State document,402,Hijrī,1011-08-04/1012-07-22
39326,"St. Catherine, Atiya no. 962",State document,Dhū l-Qaʿda 524,Hijrī,1130-10-06/1130-11-04
39327,Coptic Museum of Cairo (al-Matḥaf al-Qibṭī) inv. 2704,State document,415,Hijrī,1024-03-15/1025-03-03
39381,T-S AS 126.17,State document,515,Hijrī,1121-03-22/1122-03-11
39447,T-S Ar.39.237,Legal document,15 Shawwāl 545,Hijrī,1151-02-04
39455,T-S 10J7.10,Legal document,1440,Seleucid,1129
39459,T-S AS 202.212,Legal document,"Wednesday, 23 Nisan 1553",Seleucid,1242-03-26
39488,ENA 2867.7,Legal document,457,Hijrī,1064-12-13/1065-12-02
39502,ENA NS 43.10,Credit instrument or private receipt,Iyyar 5320,Anno Mundi,1560-04-27/1560-05-25
39504,Yevr.-Arab. II 1561,Legal document,"Monday, 4 Shevat 5321",Anno Mundi,1561-01-21
39532,"MS 9160, fol. 9",List or table,12 Sivan 5352,Anno Mundi,1592-05-23
39534,ENA 3285.19 + ENA 3285.18,State document,550,Hijrī,1155-03-07/1156-02-24
39551,AIU VII.D.99 + BL OR 12369.11 + Yevr. II A 1292,Legal document,Sivan 5582,Anno Mundi,1822-05-21/1822-06-19
39552,BL OR 12369.14,Legal document,Adar 5425,Anno Mundi,1665-02-16/1665-03-16
39553,BL OR 12369.15,Legal document,Adar II 5608,Anno Mundi,1848-03-06/1848-04-03
39563,AIU VII.D.4 + T-S 8J4.3 + T-S 13J5.1,Legal document,25 Shevaṭ 1339,Seleucid,1027-02-05
39564,T-S 13J5.1,Legal document,Monday 16 Tevet 1339,Seleucid,1027-12-18
39566,T-S 13J5.1,Legal document,25th Shevat 1339,Seleucid,1028-01-25
39570,T-S 8J4.3,Legal document,13th Adar I 1339,Seleucid,1028-02-12
39580,"Moss. Xa,3.7",Legal document,Shawwāl 494,Hijrī,1101-07-30/1101-08-27
39593,"Moss. Xa,3.17",Literary text,19 Dhū l-Ḥijja 1094 AH,Hijrī,1683-12-09
39594,"Moss. Xa,3.18",Credit instrument or private receipt,19 Ramaḍān 509,Hijrī,1116-02-05
39600,"Moss. Xa,3.26",Legal document,8 Muḥarram 1021,Hijrī,1612-03-11
39605,"Moss. Xa,3.34",State document,22 Rabīʿ II 503,Hijrī,1109-11-18
39606,T-S Ar.35.5,Letter,7 Elul 5597,Anno Mundi,1837-09-07
39623,T-S Ar.35.413,Legal document,2 Rabiʿ II 558,Hijrī,1163-03-10
39630,T-S NS 321.5,List or table,Shevat 5354,Anno Mundi,1594-01-22/1594-02-20
39645,ENA 3730.2,List or table,941,Hijrī,1534-07-13/1535-07-01
39674,ENA 3824.5,State document,[5]32,Hijrī,1137-09-19/1138-09-07
39677,ENA 3845.5,Legal document,458,Hijrī,1065-12-03/1066-11-21
39686,ENA 3920.7,State document,575,Hijrī,1179-06-08/1180-05-27
39713,ENA 4101.1,State document,549,Hijrī,1154-03-18/1155-03-06
39716,AIU VII.F.92,List or table,Heshvan 5633,Anno Mundi,1872-11-02/1872-11-30
39728,T-S NS 271.200,List or table,1126,Hijrī,1714-01-17/1715-01-06
39730,T-S NS 271.200,Legal document,8 Kislev 5459,Anno Mundi,1698-11-11
39737,T-S AS 208.104,List or table,Elul 1459,Seleucid,1148-08-18/1148-09-15
39738,T-S AS 208.109,List or table,Jumada II 944,Hijrī,1537-11-05/1537-12-03
39813,T-S AS 207.79,,Tevet 1525,Seleucid,1213-12-15/1214-01-12
39864,T-S AS 185.109,List or table,Rabīʿ I 964,Hijrī,1557-01-02/1557-01-31
39876,T-S AS 185.138,Credit instrument or private receipt,Heshvan 5422,Anno Mundi,1661-10-24/1661-11-22
39895,T-S AS 185.202,Credit instrument or private receipt,1189,Hijrī,1775-03-04/1776-02-20
39938,T-S 13J3.10,Legal document,9 Sivan 1470,Seleucid,1159-05-27
39940,T-S 13J3.10,Legal document,9 Sivan 1470,Seleucid,1159-05-27
39941,T-S 13J3.10,Legal document,Adar 1470,Seleucid,1159-01-21/1159-02-19
40029,Bodl. MS heb. d 61/9,Legal document,Sivan 1411,Seleucid,1100-05
40035,T-S 24.15,Legal document,Monday 1st Iyyar 1437,Seleucid,1126-04-26
40036,T-S 24.15,Legal document,Friday 15 of Adar 1443,Seleucid,1132-03-04
40038,ENA 1177.24,Paraliterary text,1211,Hijrī,1796-07-07/1797-06-25
40041,T-S Misc.34.11,Literary text,5635,Anno Mundi,1874-09-12/1875-09-29
40044,CUL Add.3422,Legal document,Thursday 6th Nissan 1409,Seleucid,1098-03-11
40045,CUL Add.3422,Legal document,"Thursday, 10 Sivan 1409",Seleucid,1098-05-13
40046,T-S Misc.24.137.2,Legal document,Monday 3rd of Nissan 1410,Seleucid,1099-03-28
40048,T-S Misc.24.137.2,Legal document,25th Adar II 1410,Seleucid,1099-03-21
40049,T-S Misc.24.137.2,Legal document,25th Adar II 1410,Seleucid,1099-03-21
40050,"Moss. V,374",Legal document,"Thursday, 8 Iyyar [1411]",Seleucid,1100-04-19
40063,T-S NS 311.2,Legal document,Sunday Elul 1st 1409,Seleucid,1098-08-01
40066,T-S K10.17,Legal document,8 Kislev 5517,Anno Mundi,1756-12-01
40086,General 163.1,Legal document,25 Tammuz 5524,Anno Mundi,1764-07-25
40098,ENA 2689.3,List or table,5574,Anno Mundi,1813-09-25/1814-09-14
40100,T-S Misc.10.170,Legal document,29 Adar 5582,Anno Mundi,1822-03-22
40101,JRL SERIES L 17,Letter,1 Kislev 5583,Anno Mundi,1822-11-15
40102,JRL SERIES A 1273,Paraliterary text,Rabīʿ I 1243,Hijrī,1827-09-22/1827-10-21
40105,T-S Ar.39.420,,Muharram 1307,Hijrī,1889-08-28/1889-09-26
40106,T-S 8J17.9,Legal document,Ṭevet 1443,Seleucid,1131-12-22/1132-01-19
40109,RNL Yevr.-Arab. I 4816,Legal document,14 Heshvan 1500,Seleucid,1188-11-06
40111,RNL Ms Yevr. Antonin B 154,Paraliterary text,4603,Anno Mundi,842/843
40112,ENA NS 47.8,Paraliterary text,5424,Anno Mundi,1663-10-02/1664-09-19
40123,AIU VII.D.46,Legal document,Kislev 5488,Anno Mundi,1727-11-14/1727-12-13
40128,T-S AS 221.307,Paraliterary text,"2 Tammuz, 1504",Seleucid,1193
40132,T-S AS 144.7,Legal document,5 Elul 5576,Anno Mundi,1816-08-29
40133,ENA NS 29.23,Letter,16 Dhū l-Ḥijja 1245,Hijrī,1830-06-08
40134,JRL SERIES A 289,List or table,5581,Anno Mundi,1820-09-09/1821-09-26
40135,JRL Series L 29,List or table,Nisan 5582,Anno Mundi,1822-03-23/1822-04-21
40137,BL OR 12369.24,List or table,5584,Anno Mundi,1823-09-06/1824-09-22
40138,Yevr.-Arab. II 2336,Legal query or responsum,19 Adar 1707,Seleucid,1396-02-29
40139,NLI Ms. Ar. 276.10,Legal document,19 Rabīʿ II 1056,Hijrī,1646-06-04
40140,NLI Ms. Ar. 276.14,Legal document,4 Rabīʿ II 1106,Hijrī,1694-11-22
40141,NLI Ms. Ar. 276.5,Legal document,8 Shaʿbān 1104,Hijrī,1693-04-14
40142,NLI Ms. Ar. 276.15,Legal document,17 Jumādā II 1104,Hijrī,1693-02-23
40143,NLI Ms. Ar. 276.2,Legal document,17 Ṣafar 1228,Hijrī,1813-02-19
40144,NLI Ms. Ar. 276.3,Legal document,28 Dhū l-Qaʿda 1122,Hijrī,1711-01-18
40146,II Firk. Arab. 1,Legal document,1 Rabīʿ II 553,Hijrī,1158-05-02
40147,II Firk. Arab. 3,Legal document,19 Jumādā II 638,Hijrī,1241-01-05
40177,ENA 2433.6 + ENA 2433.7 + ENA 2433.9,Paraliterary text,1 Elul 5092,Anno Mundi,1332-08-23
40180,MIAC 33,Letter,22 Elul 5685,Anno Mundi,1925-09-11
40181,T-S 16.355,Legal document,8 Adar 1572,Seleucid,1261-02-09
40185,T-S 12.509,Legal document,Kislev 1[4]14,Seleucid,1102-11-14/1102-12-13
40196,T-S 8J5.2,Legal document,25 Nisan 1443,Seleucid,1132-04-12
40207,T-S J1.11 + T-S 6Ja3,Legal document,Elul 1411,Seleucid,1100-08-08/1100-09-05
40208,T-S J1.11 + T-S 6Ja3,Legal document,Tishrei 1412,Seleucid,1100-09-06/1100-10-05
40226,ENA 2462.18,Legal document,49[.],Hijrī,1096-12-19/1106-09-01
40228,NLI Ar. 726,Legal document,29th Ramaḍān 684,Hijrī,1285-11-28
40229,NLI Ar. 724,Legal document,11th Dhu al-Qa'da 605,Hijrī,1209-05-17
40230,NLI Ar. 723,Legal document,4 Dhu al-Hijja 769,Hijrī,1368-07-21
40232,Yevr. II A 1241/5,Legal document,16 Nisan 5433,Anno Mundi,1673-04-02
40236,Yevr. II A 1241/4,Legal document,16 Tishrei 5445,Anno Mundi,1684-09-24
40237,Yevr. II A 1241/6,Legal document,14 Adar 5454,Anno Mundi,1694-03-11
40238,Yevr. II A 1241/7,Legal document,7 Shevat 5483,Anno Mundi,1723-01-13
40239,Yevr. II A 1241/8,Legal document,15 Heshvan 5485,Anno Mundi,1724-11-01
40240,Yevr. II A 1241/9,Legal document,26 Adar 5487,Anno Mundi,1727-03-19
40241,Yevr. II A 1241/10,Legal document,17 Tammuz 5519,Anno Mundi,1759-07-12
40242,Yevr. II A 1241/1,Legal document,1 Tevet 5490,Anno Mundi,1729-12-21
40243,Yevr. II A 1241/2,Legal document,23 Shevat 5414,Anno Mundi,1654-02-10
40244,Yevr. II A 1241/3,Legal document,3 Iyyar 5437,Anno Mundi,1677-05-05
40245,T-S 28.6,Legal document,Tammuz 4834,Anno Mundi,1074-06-29/1074-07-27
40251,JCC 1,Legal document,9th of Shaʿbān 429,Hijrī,1038-05-17
40253,JCC 2,Legal document,878,Hijrī,1473
40254,NLI Ar. 722,Legal document,3rd Dhū al-Qaʿda 841,Hijrī,1438-04-28
40255,NLI Ar. 721,Legal document,4th Rajab 854,Hijrī,1450-08-13
40280,ENA 3916.11,Letter,Muḥarram 434,Hijrī,1042-08-21/1042-09-19
40303,JRL SERIES B 8445,Letter,4977,Anno Mundi,1216-09-15/1217-09-03
40327,CUL Or.1080 4.61,Legal document,19 Muḥarram 808,Hijrī,1375-06-02/1376-05-20
40335,JRL SERIES B 8072,Legal document,[4]82[.],Anno Mundi,1059-09-11/1069-09-18
40401,ENA 2151.27,Literary text,5408,Anno Mundi,1647-09-30/1648-09-16
40402,T-S 13J4.4,Legal document,Adar 1540,Seleucid,1229
40491,ENA 3150.4,List or table,968,Hijrī,1560-09-22/1561-09-10
40514,ENA 4015.4,State document,460,Hijrī,1067-11-11/1068-10-30
40517,ENA 3731.1,State document,14 Jumādā II 537,Hijrī,1143-01-04
40541,ENA 2425.13,List or table,946,Hijrī,1539-05-19/1540-05-07
40566,ENA 2857.56,Paraliterary text,5594,Anno Mundi,1833-09-14/1834-10-03
40599,T-S AS 157.482,Letter,456,Hijrī,1063-12-25/1064-12-12
40624,ENA NS 63.1,Paraliterary text,21 Nisan 5376,Anno Mundi,1616-04-08
40631,ENA 3905.3,State document,Dhū l-Ḥijja 521,Hijrī,1127-12-08/1128-01-05
40635,JRL SERIES B 2319,Paraliterary text,5555,Anno Mundi,1794-09-25/1795-09-13
40642,Yevr. II A 1297,Letter,5516,Anno Mundi,1755-09-06/1756-09-24
40643,NLI CAHJP ET-Ca. 60,Legal document,14th Shawwal 925,Hijrī,1519-10-09
40644,NLI CAHJP ET-Ca. 61,Legal document,11th Shaʿbān 970,Hijrī,1563-04-05
40645,NLI CAHJP ET-Ca. 62,Legal document,2nd Ramaḍān 970,Hijrī,1563-04-25
40646,NLI CAHJP ET-Ca. 63,Legal document,19TH Rabīʿ II 991,Hijrī,1583-05-12
40662,JCC 217,Legal document,20th Rabīʿ al-Awwal 1070,Hijrī,1659-12-05
40663,JCC Richards IX,Legal document,9th Safar 860,Hijrī,1456-01-18
40664,JCC Richards IIX,Legal document,15th Jumada II 859,Hijrī,1455-06-02
40665,JCC Richards I,State document,11th Jumāda al-Awwal 425,Hijrī,1034-04-03
40666,JCC Unnumbered,Legal document,4th of Sha'aban 825,Hijrī,1422-07-22
